
Circuit 1 cell sky130_fd_pr__nfet_01v8 and Circuit 2 cell sky130_fd_pr__nfet_01v8 are black boxes.
Warning: Equate pins:  cell sky130_fd_pr__nfet_01v8 is a placeholder, treated as a black box.
Warning: Equate pins:  cell sky130_fd_pr__nfet_01v8 is a placeholder, treated as a black box.

Subcircuit pins:
Circuit 1: sky130_fd_pr__nfet_01v8         |Circuit 2: sky130_fd_pr__nfet_01v8         
-------------------------------------------|-------------------------------------------
1                                          |1                                          
2                                          |2                                          
3                                          |3                                          
4                                          |4                                          
---------------------------------------------------------------------------------------
Cell pin lists are equivalent.
Device classes sky130_fd_pr__nfet_01v8 and sky130_fd_pr__nfet_01v8 are equivalent.

Circuit 1 cell sky130_fd_pr__pfet_01v8 and Circuit 2 cell sky130_fd_pr__pfet_01v8 are black boxes.
Warning: Equate pins:  cell sky130_fd_pr__pfet_01v8 is a placeholder, treated as a black box.
Warning: Equate pins:  cell sky130_fd_pr__pfet_01v8 is a placeholder, treated as a black box.

Subcircuit pins:
Circuit 1: sky130_fd_pr__pfet_01v8         |Circuit 2: sky130_fd_pr__pfet_01v8         
-------------------------------------------|-------------------------------------------
1                                          |1                                          
2                                          |2                                          
3                                          |3                                          
4                                          |4                                          
---------------------------------------------------------------------------------------
Cell pin lists are equivalent.
Device classes sky130_fd_pr__pfet_01v8 and sky130_fd_pr__pfet_01v8 are equivalent.

Subcircuit summary:
Circuit 1: task5_4kb_sram_pinv_dec         |Circuit 2: task5_4kb_sram_pinv_dec         
-------------------------------------------|-------------------------------------------
sky130_fd_pr__nfet_01v8 (1)                |sky130_fd_pr__nfet_01v8 (1)                
sky130_fd_pr__pfet_01v8 (1)                |sky130_fd_pr__pfet_01v8 (1)                
Number of devices: 2                       |Number of devices: 2                       
Number of nets: 4                          |Number of nets: 4                          
---------------------------------------------------------------------------------------
Netlists match uniquely.

Subcircuit pins:
Circuit 1: task5_4kb_sram_pinv_dec         |Circuit 2: task5_4kb_sram_pinv_dec         
-------------------------------------------|-------------------------------------------
Z                                          |Z                                          
A                                          |A                                          
vdd                                        |vdd                                        
gnd                                        |gnd                                        
---------------------------------------------------------------------------------------
Cell pin lists are equivalent.
Device classes task5_4kb_sram_pinv_dec and task5_4kb_sram_pinv_dec are equivalent.

Subcircuit summary:
Circuit 1: sky130_fd_bd_sram__openram_sp_n |Circuit 2: sky130_fd_bd_sram__openram_sp_n 
-------------------------------------------|-------------------------------------------
sky130_fd_pr__pfet_01v8 (2)                |sky130_fd_pr__pfet_01v8 (2)                
sky130_fd_pr__nfet_01v8 (2)                |sky130_fd_pr__nfet_01v8 (2)                
Number of devices: 4                       |Number of devices: 4                       
Number of nets: 6                          |Number of nets: 6                          
---------------------------------------------------------------------------------------
Netlists match uniquely.

Subcircuit pins:
Circuit 1: sky130_fd_bd_sram__openram_sp_n |Circuit 2: sky130_fd_bd_sram__openram_sp_n 
-------------------------------------------|-------------------------------------------
Z                                          |Z                                          
gnd                                        |GND                                        
A                                          |A                                          
B                                          |B                                          
vdd                                        |VDD                                        
---------------------------------------------------------------------------------------
Cell pin lists are equivalent.
Device classes sky130_fd_bd_sram__openram_sp_nand2_dec and sky130_fd_bd_sram__openram_sp_nand2_dec are equivalent.

Subcircuit summary:
Circuit 1: sky130_fd_bd_sram__openram_sp_n |Circuit 2: sky130_fd_bd_sram__openram_sp_n 
-------------------------------------------|-------------------------------------------
sky130_fd_pr__pfet_01v8 (3)                |sky130_fd_pr__pfet_01v8 (3)                
sky130_fd_pr__nfet_01v8 (3)                |sky130_fd_pr__nfet_01v8 (3)                
Number of devices: 6                       |Number of devices: 6                       
Number of nets: 8                          |Number of nets: 8                          
---------------------------------------------------------------------------------------
Netlists match uniquely.

Subcircuit pins:
Circuit 1: sky130_fd_bd_sram__openram_sp_n |Circuit 2: sky130_fd_bd_sram__openram_sp_n 
-------------------------------------------|-------------------------------------------
Z                                          |Z                                          
gnd                                        |GND                                        
A                                          |A                                          
C                                          |C                                          
B                                          |B                                          
vdd                                        |VDD                                        
---------------------------------------------------------------------------------------
Cell pin lists are equivalent.
Device classes sky130_fd_bd_sram__openram_sp_nand3_dec and sky130_fd_bd_sram__openram_sp_nand3_dec are equivalent.

Subcircuit summary:
Circuit 1: task5_4kb_sram_pinv_0           |Circuit 2: task5_4kb_sram_pinv_0           
-------------------------------------------|-------------------------------------------
sky130_fd_pr__nfet_01v8 (1)                |sky130_fd_pr__nfet_01v8 (1)                
sky130_fd_pr__pfet_01v8 (1)                |sky130_fd_pr__pfet_01v8 (1)                
Number of devices: 2                       |Number of devices: 2                       
Number of nets: 4                          |Number of nets: 4                          
---------------------------------------------------------------------------------------
Netlists match uniquely.

Subcircuit pins:
Circuit 1: task5_4kb_sram_pinv_0           |Circuit 2: task5_4kb_sram_pinv_0           
-------------------------------------------|-------------------------------------------
Z                                          |Z                                          
A                                          |A                                          
vdd                                        |vdd                                        
gnd                                        |gnd                                        
---------------------------------------------------------------------------------------
Cell pin lists are equivalent.
Device classes task5_4kb_sram_pinv_0 and task5_4kb_sram_pinv_0 are equivalent.

Class task5_4kb_sram_pinv (0):  Merged 2 parallel devices.
Subcircuit summary:
Circuit 1: task5_4kb_sram_pinv             |Circuit 2: task5_4kb_sram_pinv             
-------------------------------------------|-------------------------------------------
sky130_fd_pr__nfet_01v8 (2->1)             |sky130_fd_pr__nfet_01v8 (2->1)             
sky130_fd_pr__pfet_01v8 (2->1)             |sky130_fd_pr__pfet_01v8 (2->1)             
Number of devices: 2                       |Number of devices: 2                       
Number of nets: 4                          |Number of nets: 4                          
---------------------------------------------------------------------------------------
Netlists match uniquely.

Subcircuit pins:
Circuit 1: task5_4kb_sram_pinv             |Circuit 2: task5_4kb_sram_pinv             
-------------------------------------------|-------------------------------------------
Z                                          |Z                                          
A                                          |A                                          
vdd                                        |vdd                                        
gnd                                        |gnd                                        
---------------------------------------------------------------------------------------
Cell pin lists are equivalent.
Device classes task5_4kb_sram_pinv and task5_4kb_sram_pinv are equivalent.

Circuit 1 cell sky130_fd_pr__special_nfet_pass and Circuit 2 cell sky130_fd_pr__special_nfet_pass are black boxes.
Warning: Equate pins:  cell sky130_fd_pr__special_nfet_pass is a placeholder, treated as a black box.
Warning: Equate pins:  cell sky130_fd_pr__special_nfet_pass is a placeholder, treated as a black box.

Subcircuit pins:
Circuit 1: sky130_fd_pr__special_nfet_pass |Circuit 2: sky130_fd_pr__special_nfet_pass 
-------------------------------------------|-------------------------------------------
1                                          |1                                          
2                                          |2                                          
3                                          |3                                          
4                                          |4                                          
---------------------------------------------------------------------------------------
Cell pin lists are equivalent.
Device classes sky130_fd_pr__special_nfet_pass and sky130_fd_pr__special_nfet_pass are equivalent.

Circuit 1 cell sky130_fd_pr__special_pfet_pass and Circuit 2 cell sky130_fd_pr__special_pfet_pass are black boxes.
Warning: Equate pins:  cell sky130_fd_pr__special_pfet_pass is a placeholder, treated as a black box.
Warning: Equate pins:  cell sky130_fd_pr__special_pfet_pass is a placeholder, treated as a black box.

Subcircuit pins:
Circuit 1: sky130_fd_pr__special_pfet_pass |Circuit 2: sky130_fd_pr__special_pfet_pass 
-------------------------------------------|-------------------------------------------
1                                          |1                                          
2                                          |2                                          
3                                          |3                                          
4                                          |4                                          
---------------------------------------------------------------------------------------
Cell pin lists are equivalent.
Device classes sky130_fd_pr__special_pfet_pass and sky130_fd_pr__special_pfet_pass are equivalent.

Circuit 1 cell sky130_fd_pr__special_nfet_latch and Circuit 2 cell sky130_fd_pr__special_nfet_latch are black boxes.
Warning: Equate pins:  cell sky130_fd_pr__special_nfet_latch is a placeholder, treated as a black box.
Warning: Equate pins:  cell sky130_fd_pr__special_nfet_latch is a placeholder, treated as a black box.

Subcircuit pins:
Circuit 1: sky130_fd_pr__special_nfet_latc |Circuit 2: sky130_fd_pr__special_nfet_latc 
-------------------------------------------|-------------------------------------------
1                                          |1                                          
2                                          |2                                          
3                                          |3                                          
4                                          |4                                          
---------------------------------------------------------------------------------------
Cell pin lists are equivalent.
Device classes sky130_fd_pr__special_nfet_latch and sky130_fd_pr__special_nfet_latch are equivalent.

Subcircuit summary:
Circuit 1: task5_4kb_sram_pinv_dec_0       |Circuit 2: task5_4kb_sram_pinv_dec_0       
-------------------------------------------|-------------------------------------------
sky130_fd_pr__pfet_01v8 (1)                |sky130_fd_pr__pfet_01v8 (1)                
sky130_fd_pr__nfet_01v8 (1)                |sky130_fd_pr__nfet_01v8 (1)                
Number of devices: 2                       |Number of devices: 2                       
Number of nets: 4                          |Number of nets: 4                          
---------------------------------------------------------------------------------------
Netlists match uniquely.

Subcircuit pins:
Circuit 1: task5_4kb_sram_pinv_dec_0       |Circuit 2: task5_4kb_sram_pinv_dec_0       
-------------------------------------------|-------------------------------------------
Z                                          |Z                                          
A                                          |A                                          
vdd                                        |vdd                                        
gnd                                        |gnd                                        
---------------------------------------------------------------------------------------
Cell pin lists are equivalent.
Device classes task5_4kb_sram_pinv_dec_0 and task5_4kb_sram_pinv_dec_0 are equivalent.

Subcircuit summary:
Circuit 1: task5_4kb_sram_and2_dec         |Circuit 2: task5_4kb_sram_and2_dec         
-------------------------------------------|-------------------------------------------
task5_4kb_sram_pinv_dec (1)                |task5_4kb_sram_pinv_dec (1)                
sky130_fd_bd_sram__openram_sp_nand2_dec (1 |sky130_fd_bd_sram__openram_sp_nand2_dec (1 
Number of devices: 2                       |Number of devices: 2                       
Number of nets: 7 **Mismatch**             |Number of nets: 6 **Mismatch**             
---------------------------------------------------------------------------------------
NET mismatches: Class fragments follow (with fanout counts):
Circuit 1: task5_4kb_sram_and2_dec         |Circuit 2: task5_4kb_sram_and2_dec         

---------------------------------------------------------------------------------------
Net: vdd                                   |Net: vdd                                   
  sky130_fd_bd_sram__openram_sp_nand2_dec/ |  sky130_fd_bd_sram__openram_sp_nand2_dec/ 
                                           |  task5_4kb_sram_pinv_dec/vdd = 1          
                                           |                                           
Net: vdd_uq0                               |(no matching net)                          
  task5_4kb_sram_pinv_dec/vdd = 1          |                                           
---------------------------------------------------------------------------------------
Netlists do not match.
Port matching may fail to disambiguate symmetries.
  Flattening non-matched subcircuits task5_4kb_sram_and2_dec task5_4kb_sram_and2_dec

Subcircuit summary:
Circuit 1: task5_4kb_sram_and3_dec         |Circuit 2: task5_4kb_sram_and3_dec         
-------------------------------------------|-------------------------------------------
task5_4kb_sram_pinv_dec (1)                |task5_4kb_sram_pinv_dec (1)                
sky130_fd_bd_sram__openram_sp_nand3_dec (1 |sky130_fd_bd_sram__openram_sp_nand3_dec (1 
Number of devices: 2                       |Number of devices: 2                       
Number of nets: 8 **Mismatch**             |Number of nets: 7 **Mismatch**             
---------------------------------------------------------------------------------------
NET mismatches: Class fragments follow (with fanout counts):
Circuit 1: task5_4kb_sram_and3_dec         |Circuit 2: task5_4kb_sram_and3_dec         

---------------------------------------------------------------------------------------
Net: vdd                                   |Net: vdd                                   
  sky130_fd_bd_sram__openram_sp_nand3_dec/ |  sky130_fd_bd_sram__openram_sp_nand3_dec/ 
                                           |  task5_4kb_sram_pinv_dec/vdd = 1          
                                           |                                           
Net: vdd_uq0                               |(no matching net)                          
  task5_4kb_sram_pinv_dec/vdd = 1          |                                           
---------------------------------------------------------------------------------------
Netlists do not match.
Port matching may fail to disambiguate symmetries.
  Flattening non-matched subcircuits task5_4kb_sram_and3_dec task5_4kb_sram_and3_dec

Subcircuit summary:
Circuit 1: task5_4kb_sram_pnand3           |Circuit 2: task5_4kb_sram_pnand3           
-------------------------------------------|-------------------------------------------
sky130_fd_pr__pfet_01v8 (3)                |sky130_fd_pr__pfet_01v8 (3)                
sky130_fd_pr__nfet_01v8 (3)                |sky130_fd_pr__nfet_01v8 (3)                
Number of devices: 6                       |Number of devices: 6                       
Number of nets: 10 **Mismatch**            |Number of nets: 8 **Mismatch**             
---------------------------------------------------------------------------------------
NET mismatches: Class fragments follow (with fanout counts):
Circuit 1: task5_4kb_sram_pnand3           |Circuit 2: task5_4kb_sram_pnand3           

---------------------------------------------------------------------------------------
Net: gnd                                   |Net: gnd                                   
  sky130_fd_pr__nfet_01v8/(1|3) = 1        |  sky130_fd_pr__nfet_01v8/(1|3) = 1        
                                           |  sky130_fd_pr__nfet_01v8/4 = 3            
                                           |                                           
Net: vdd                                   |Net: vdd                                   
  sky130_fd_pr__pfet_01v8/(1|3) = 3        |  sky130_fd_pr__pfet_01v8/(1|3) = 3        
                                           |  sky130_fd_pr__pfet_01v8/4 = 3            
                                           |                                           
Net: VSUBS                                 |(no matching net)                          
  sky130_fd_pr__nfet_01v8/4 = 3            |                                           
                                           |                                           
Net: w_n36_679#                            |(no matching net)                          
  sky130_fd_pr__pfet_01v8/4 = 3            |                                           
---------------------------------------------------------------------------------------
Netlists do not match.
Port matching may fail to disambiguate symmetries.
  Flattening non-matched subcircuits task5_4kb_sram_pnand3 task5_4kb_sram_pnand3

Subcircuit summary:
Circuit 1: task5_4kb_sram_pdriver_0        |Circuit 2: task5_4kb_sram_pdriver_0        
-------------------------------------------|-------------------------------------------
task5_4kb_sram_pinv_0 (1)                  |task5_4kb_sram_pinv_0 (1)                  
Number of devices: 1                       |Number of devices: 1                       
Number of nets: 4                          |Number of nets: 4                          
---------------------------------------------------------------------------------------
Netlists match uniquely.

Subcircuit pins:
Circuit 1: task5_4kb_sram_pdriver_0        |Circuit 2: task5_4kb_sram_pdriver_0        
-------------------------------------------|-------------------------------------------
A                                          |A                                          
Z                                          |Z                                          
vdd                                        |vdd                                        
gnd                                        |gnd                                        
---------------------------------------------------------------------------------------
Cell pin lists are equivalent.
Device classes task5_4kb_sram_pdriver_0 and task5_4kb_sram_pdriver_0 are equivalent.

Subcircuit summary:
Circuit 1: task5_4kb_sram_pnand2           |Circuit 2: task5_4kb_sram_pnand2           
-------------------------------------------|-------------------------------------------
sky130_fd_pr__nfet_01v8 (2)                |sky130_fd_pr__nfet_01v8 (2)                
sky130_fd_pr__pfet_01v8 (2)                |sky130_fd_pr__pfet_01v8 (2)                
Number of devices: 4                       |Number of devices: 4                       
Number of nets: 8 **Mismatch**             |Number of nets: 6 **Mismatch**             
---------------------------------------------------------------------------------------
NET mismatches: Class fragments follow (with fanout counts):
Circuit 1: task5_4kb_sram_pnand2           |Circuit 2: task5_4kb_sram_pnand2           

---------------------------------------------------------------------------------------
Net: gnd                                   |Net: gnd                                   
  sky130_fd_pr__nfet_01v8/(1|3) = 1        |  sky130_fd_pr__nfet_01v8/(1|3) = 1        
                                           |  sky130_fd_pr__nfet_01v8/4 = 2            
                                           |                                           
Net: vdd                                   |Net: vdd                                   
  sky130_fd_pr__pfet_01v8/(1|3) = 2        |  sky130_fd_pr__pfet_01v8/(1|3) = 2        
                                           |  sky130_fd_pr__pfet_01v8/4 = 2            
                                           |                                           
Net: w_n36_538#                            |(no matching net)                          
  sky130_fd_pr__pfet_01v8/4 = 2            |                                           
                                           |                                           
Net: VSUBS                                 |(no matching net)                          
  sky130_fd_pr__nfet_01v8/4 = 2            |                                           
---------------------------------------------------------------------------------------
Netlists do not match.
Port matching may fail to disambiguate symmetries.
  Flattening non-matched subcircuits task5_4kb_sram_pnand2 task5_4kb_sram_pnand2

Subcircuit summary:
Circuit 1: task5_4kb_sram_pdriver          |Circuit 2: task5_4kb_sram_pdriver          
-------------------------------------------|-------------------------------------------
task5_4kb_sram_pinv (1)                    |task5_4kb_sram_pinv (1)                    
Number of devices: 1                       |Number of devices: 1                       
Number of nets: 4                          |Number of nets: 4                          
---------------------------------------------------------------------------------------
Netlists match uniquely.

Subcircuit pins:
Circuit 1: task5_4kb_sram_pdriver          |Circuit 2: task5_4kb_sram_pdriver          
-------------------------------------------|-------------------------------------------
A                                          |A                                          
Z                                          |Z                                          
vdd                                        |vdd                                        
gnd                                        |gnd                                        
---------------------------------------------------------------------------------------
Cell pin lists are equivalent.
Device classes task5_4kb_sram_pdriver and task5_4kb_sram_pdriver are equivalent.

Cell sky130_fd_bd_sram__sram_sp_colend (0) disconnected node: bl
Cell sky130_fd_bd_sram__sram_sp_colend (0) disconnected node: vdd
Cell sky130_fd_bd_sram__sram_sp_colend (0) disconnected node: gnd
Cell sky130_fd_bd_sram__sram_sp_colend (0) disconnected node: vpb
Cell sky130_fd_bd_sram__sram_sp_colend (0) disconnected node: m2_0_4#
Cell sky130_fd_bd_sram__sram_sp_colend (0) disconnected node: m2_0_236#
Cell sky130_fd_bd_sram__sram_sp_colend (1) disconnected node: bl
Cell sky130_fd_bd_sram__sram_sp_colend (1) disconnected node: vdd
Cell sky130_fd_bd_sram__sram_sp_colend (1) disconnected node: gnd
Cell sky130_fd_bd_sram__sram_sp_colend (1) disconnected node: vpb
Subcircuit summary:
Circuit 1: sky130_fd_bd_sram__sram_sp_cole |Circuit 2: sky130_fd_bd_sram__sram_sp_cole 
-------------------------------------------|-------------------------------------------
sky130_fd_pr__special_nfet_pass (1)        |sky130_fd_pr__special_nfet_pass (1)        
Number of devices: 1                       |Number of devices: 1                       
Number of nets: 3                          |Number of nets: 3                          
---------------------------------------------------------------------------------------
Netlists match uniquely with port errors.

Subcircuit pins:
Circuit 1: sky130_fd_bd_sram__sram_sp_cole |Circuit 2: sky130_fd_bd_sram__sram_sp_cole 
-------------------------------------------|-------------------------------------------
gate                                       |gate                                       
vnb                                        |vnb                                        
br                                         |br                                         
bl                                         |bl                                         
vdd                                        |vdd                                        
gnd                                        |gnd                                        
vpb                                        |vpb                                        
m2_0_4#                                    |(no matching pin)                          
m2_0_236#                                  |(no matching pin)                          
---------------------------------------------------------------------------------------
Cell pin lists are equivalent.
Device classes sky130_fd_bd_sram__sram_sp_colend and sky130_fd_bd_sram__sram_sp_colend are equivalent.

Cell sky130_fd_bd_sram__sram_sp_colenda (0) disconnected node: bl
Cell sky130_fd_bd_sram__sram_sp_colenda (0) disconnected node: vdd
Cell sky130_fd_bd_sram__sram_sp_colenda (0) disconnected node: gnd
Cell sky130_fd_bd_sram__sram_sp_colenda (0) disconnected node: vpb
Cell sky130_fd_bd_sram__sram_sp_colenda (0) disconnected node: m2_0_4#
Cell sky130_fd_bd_sram__sram_sp_colenda (0) disconnected node: m2_0_236#
Cell sky130_fd_bd_sram__sram_sp_colenda (1) disconnected node: bl
Cell sky130_fd_bd_sram__sram_sp_colenda (1) disconnected node: vdd
Cell sky130_fd_bd_sram__sram_sp_colenda (1) disconnected node: gnd
Cell sky130_fd_bd_sram__sram_sp_colenda (1) disconnected node: vpb
Subcircuit summary:
Circuit 1: sky130_fd_bd_sram__sram_sp_cole |Circuit 2: sky130_fd_bd_sram__sram_sp_cole 
-------------------------------------------|-------------------------------------------
sky130_fd_pr__special_nfet_pass (1)        |sky130_fd_pr__special_nfet_pass (1)        
Number of devices: 1                       |Number of devices: 1                       
Number of nets: 3                          |Number of nets: 3                          
---------------------------------------------------------------------------------------
Netlists match uniquely with port errors.

Subcircuit pins:
Circuit 1: sky130_fd_bd_sram__sram_sp_cole |Circuit 2: sky130_fd_bd_sram__sram_sp_cole 
-------------------------------------------|-------------------------------------------
gate                                       |gate                                       
vnb                                        |vnb                                        
br                                         |br                                         
bl                                         |bl                                         
vdd                                        |vdd                                        
gnd                                        |gnd                                        
vpb                                        |vpb                                        
m2_0_4#                                    |(no matching pin)                          
m2_0_236#                                  |(no matching pin)                          
---------------------------------------------------------------------------------------
Cell pin lists are equivalent.
Device classes sky130_fd_bd_sram__sram_sp_colenda and sky130_fd_bd_sram__sram_sp_colenda are equivalent.

Cell sky130_fd_bd_sram__openram_sp_cell_opt1_replica (0) disconnected node: m2_0_59#
Subcircuit summary:
Circuit 1: sky130_fd_bd_sram__openram_sp_c |Circuit 2: sky130_fd_bd_sram__openram_sp_c 
-------------------------------------------|-------------------------------------------
sky130_fd_pr__special_pfet_pass (4)        |sky130_fd_pr__special_pfet_pass (4)        
sky130_fd_pr__special_nfet_latch (2)       |sky130_fd_pr__special_nfet_latch (2)       
sky130_fd_pr__special_nfet_pass (2)        |sky130_fd_pr__special_nfet_pass (2)        
Number of devices: 8                       |Number of devices: 8                       
Number of nets: 9 **Mismatch**             |Number of nets: 8 **Mismatch**             
---------------------------------------------------------------------------------------
NET mismatches: Class fragments follow (with fanout counts):
Circuit 1: sky130_fd_bd_sram__openram_sp_c |Circuit 2: sky130_fd_bd_sram__openram_sp_c 

---------------------------------------------------------------------------------------
Net: wl                                    |Net: WL                                    
  sky130_fd_pr__special_pfet_pass/2 = 1    |  sky130_fd_pr__special_pfet_pass/2 = 2    
  sky130_fd_pr__special_nfet_pass/2 = 1    |  sky130_fd_pr__special_nfet_pass/2 = 2    
                                           |                                           
Net: a_0_24#                               |(no matching net)                          
  sky130_fd_pr__special_pfet_pass/2 = 1    |                                           
  sky130_fd_pr__special_nfet_pass/2 = 1    |                                           
---------------------------------------------------------------------------------------
Netlists do not match.
Port matching may fail to disambiguate symmetries.
  Flattening non-matched subcircuits sky130_fd_bd_sram__openram_sp_cell_opt1_replica sky130_fd_bd_sram__openram_sp_cell_opt1_replica

Cell sky130_fd_bd_sram__openram_sp_cell_opt1a_replica (0) disconnected node: m2_0_59#
Subcircuit summary:
Circuit 1: sky130_fd_bd_sram__openram_sp_c |Circuit 2: sky130_fd_bd_sram__openram_sp_c 
-------------------------------------------|-------------------------------------------
sky130_fd_pr__special_pfet_pass (4)        |sky130_fd_pr__special_pfet_pass (4)        
sky130_fd_pr__special_nfet_latch (2)       |sky130_fd_pr__special_nfet_latch (2)       
sky130_fd_pr__special_nfet_pass (2)        |sky130_fd_pr__special_nfet_pass (2)        
Number of devices: 8                       |Number of devices: 8                       
Number of nets: 9 **Mismatch**             |Number of nets: 8 **Mismatch**             
---------------------------------------------------------------------------------------
NET mismatches: Class fragments follow (with fanout counts):
Circuit 1: sky130_fd_bd_sram__openram_sp_c |Circuit 2: sky130_fd_bd_sram__openram_sp_c 

---------------------------------------------------------------------------------------
Net: wl                                    |Net: WL                                    
  sky130_fd_pr__special_pfet_pass/2 = 1    |  sky130_fd_pr__special_pfet_pass/2 = 2    
  sky130_fd_pr__special_nfet_pass/2 = 1    |  sky130_fd_pr__special_nfet_pass/2 = 2    
                                           |                                           
Net: a_0_262#                              |(no matching net)                          
  sky130_fd_pr__special_pfet_pass/2 = 1    |                                           
  sky130_fd_pr__special_nfet_pass/2 = 1    |                                           
---------------------------------------------------------------------------------------
Netlists do not match.
Port matching may fail to disambiguate symmetries.
  Flattening non-matched subcircuits sky130_fd_bd_sram__openram_sp_cell_opt1a_replica sky130_fd_bd_sram__openram_sp_cell_opt1a_replica

Cell sky130_fd_bd_sram__openram_sp_cell_opt1a_dummy (0) disconnected node: m2_0_59#
Subcircuit summary:
Circuit 1: sky130_fd_bd_sram__openram_sp_c |Circuit 2: sky130_fd_bd_sram__openram_sp_c 
-------------------------------------------|-------------------------------------------
sky130_fd_pr__special_pfet_pass (4)        |sky130_fd_pr__special_pfet_pass (4)        
sky130_fd_pr__special_nfet_latch (2)       |sky130_fd_pr__special_nfet_latch (2)       
sky130_fd_pr__special_nfet_pass (2)        |sky130_fd_pr__special_nfet_pass (2)        
Number of devices: 8                       |Number of devices: 8                       
Number of nets: 14 **Mismatch**            |Number of nets: 13 **Mismatch**            
---------------------------------------------------------------------------------------
NET mismatches: Class fragments follow (with fanout counts):
Circuit 1: sky130_fd_bd_sram__openram_sp_c |Circuit 2: sky130_fd_bd_sram__openram_sp_c 

---------------------------------------------------------------------------------------
Net: wl                                    |Net: WL                                    
  sky130_fd_pr__special_pfet_pass/2 = 1    |  sky130_fd_pr__special_pfet_pass/2 = 2    
  sky130_fd_pr__special_nfet_pass/2 = 1    |  sky130_fd_pr__special_nfet_pass/2 = 2    
                                           |                                           
Net: a_0_262#                              |(no matching net)                          
  sky130_fd_pr__special_pfet_pass/2 = 1    |                                           
  sky130_fd_pr__special_nfet_pass/2 = 1    |                                           
---------------------------------------------------------------------------------------
Netlists do not match.
Port matching may fail to disambiguate symmetries.
  Flattening non-matched subcircuits sky130_fd_bd_sram__openram_sp_cell_opt1a_dummy sky130_fd_bd_sram__openram_sp_cell_opt1a_dummy

Cell sky130_fd_bd_sram__sram_sp_cell_opt1a (0) disconnected node: m2_0_59#
Subcircuit summary:
Circuit 1: sky130_fd_bd_sram__sram_sp_cell |Circuit 2: sky130_fd_bd_sram__sram_sp_cell 
-------------------------------------------|-------------------------------------------
sky130_fd_pr__special_pfet_pass (4)        |sky130_fd_pr__special_pfet_pass (4)        
sky130_fd_pr__special_nfet_latch (2)       |sky130_fd_pr__special_nfet_latch (2)       
sky130_fd_pr__special_nfet_pass (2)        |sky130_fd_pr__special_nfet_pass (2)        
Number of devices: 8                       |Number of devices: 8                       
Number of nets: 10 **Mismatch**            |Number of nets: 9 **Mismatch**             
---------------------------------------------------------------------------------------
NET mismatches: Class fragments follow (with fanout counts):
Circuit 1: sky130_fd_bd_sram__sram_sp_cell |Circuit 2: sky130_fd_bd_sram__sram_sp_cell 

---------------------------------------------------------------------------------------
Net: wl                                    |Net: WL                                    
  sky130_fd_pr__special_pfet_pass/2 = 1    |  sky130_fd_pr__special_pfet_pass/2 = 2    
  sky130_fd_pr__special_nfet_pass/2 = 1    |  sky130_fd_pr__special_nfet_pass/2 = 2    
                                           |                                           
Net: a_0_262#                              |(no matching net)                          
  sky130_fd_pr__special_pfet_pass/2 = 1    |                                           
  sky130_fd_pr__special_nfet_pass/2 = 1    |                                           
---------------------------------------------------------------------------------------
Netlists do not match.
Port matching may fail to disambiguate symmetries.
  Flattening non-matched subcircuits sky130_fd_bd_sram__sram_sp_cell_opt1a sky130_fd_bd_sram__sram_sp_cell_opt1a

Cell sky130_fd_bd_sram__sram_sp_cell_opt1 (0) disconnected node: m2_0_59#
Subcircuit summary:
Circuit 1: sky130_fd_bd_sram__sram_sp_cell |Circuit 2: sky130_fd_bd_sram__sram_sp_cell 
-------------------------------------------|-------------------------------------------
sky130_fd_pr__special_pfet_pass (4)        |sky130_fd_pr__special_pfet_pass (4)        
sky130_fd_pr__special_nfet_latch (2)       |sky130_fd_pr__special_nfet_latch (2)       
sky130_fd_pr__special_nfet_pass (2)        |sky130_fd_pr__special_nfet_pass (2)        
Number of devices: 8                       |Number of devices: 8                       
Number of nets: 10 **Mismatch**            |Number of nets: 9 **Mismatch**             
---------------------------------------------------------------------------------------
NET mismatches: Class fragments follow (with fanout counts):
Circuit 1: sky130_fd_bd_sram__sram_sp_cell |Circuit 2: sky130_fd_bd_sram__sram_sp_cell 

---------------------------------------------------------------------------------------
Net: wl                                    |Net: WL                                    
  sky130_fd_pr__special_pfet_pass/2 = 1    |  sky130_fd_pr__special_pfet_pass/2 = 2    
  sky130_fd_pr__special_nfet_pass/2 = 1    |  sky130_fd_pr__special_nfet_pass/2 = 2    
                                           |                                           
Net: a_0_24#                               |(no matching net)                          
  sky130_fd_pr__special_pfet_pass/2 = 1    |                                           
  sky130_fd_pr__special_nfet_pass/2 = 1    |                                           
---------------------------------------------------------------------------------------
Netlists do not match.
Port matching may fail to disambiguate symmetries.
  Flattening non-matched subcircuits sky130_fd_bd_sram__sram_sp_cell_opt1 sky130_fd_bd_sram__sram_sp_cell_opt1

Subcircuit summary:
Circuit 1: task5_4kb_sram_wordline_driver  |Circuit 2: task5_4kb_sram_wordline_driver  
-------------------------------------------|-------------------------------------------
sky130_fd_bd_sram__openram_sp_nand2_dec (1 |sky130_fd_bd_sram__openram_sp_nand2_dec (1 
task5_4kb_sram_pinv_dec_0 (1)              |task5_4kb_sram_pinv_dec_0 (1)              
Number of devices: 2                       |Number of devices: 2                       
Number of nets: 7 **Mismatch**             |Number of nets: 6 **Mismatch**             
---------------------------------------------------------------------------------------
NET mismatches: Class fragments follow (with fanout counts):
Circuit 1: task5_4kb_sram_wordline_driver  |Circuit 2: task5_4kb_sram_wordline_driver  

---------------------------------------------------------------------------------------
Net: vdd                                   |Net: vdd                                   
  sky130_fd_bd_sram__openram_sp_nand2_dec/ |  sky130_fd_bd_sram__openram_sp_nand2_dec/ 
                                           |  task5_4kb_sram_pinv_dec_0/vdd = 1        
                                           |                                           
Net: vdd_uq0                               |(no matching net)                          
  task5_4kb_sram_pinv_dec_0/vdd = 1        |                                           
---------------------------------------------------------------------------------------
Netlists do not match.
Port matching may fail to disambiguate symmetries.
  Flattening non-matched subcircuits task5_4kb_sram_wordline_driver task5_4kb_sram_wordline_driver

Subcircuit summary:
Circuit 1: task5_4kb_sram_hierarchical_pre |Circuit 2: task5_4kb_sram_hierarchical_pre 
-------------------------------------------|-------------------------------------------
task5_4kb_sram_pinv_dec (6)                |task5_4kb_sram_pinv_dec (6)                
sky130_fd_bd_sram__openram_sp_nand2_dec (4 |sky130_fd_bd_sram__openram_sp_nand2_dec (4 
Number of devices: 10                      |Number of devices: 10                      
Number of nets: 16 **Mismatch**            |Number of nets: 14 **Mismatch**            
---------------------------------------------------------------------------------------
NET mismatches: Class fragments follow (with fanout counts):
Circuit 1: task5_4kb_sram_hierarchical_pre |Circuit 2: task5_4kb_sram_hierarchical_pre 

---------------------------------------------------------------------------------------
Net: vdd                                   |Net: vdd                                   
  sky130_fd_bd_sram__openram_sp_nand2_dec/ |  sky130_fd_bd_sram__openram_sp_nand2_dec/ 
                                           |  task5_4kb_sram_pinv_dec/vdd = 6          
                                           |                                           
Net: vdd_uq0                               |(no matching net)                          
  task5_4kb_sram_pinv_dec/vdd = 4          |                                           
                                           |                                           
Net: vdd_uq1                               |(no matching net)                          
  task5_4kb_sram_pinv_dec/vdd = 2          |                                           
---------------------------------------------------------------------------------------
Netlists do not match.
Port matching may fail to disambiguate symmetries.
  Flattening non-matched subcircuits task5_4kb_sram_hierarchical_predecode2x4 task5_4kb_sram_hierarchical_predecode2x4

Subcircuit summary:
Circuit 1: task5_4kb_sram_hierarchical_pre |Circuit 2: task5_4kb_sram_hierarchical_pre 
-------------------------------------------|-------------------------------------------
task5_4kb_sram_pinv_dec (11)               |task5_4kb_sram_pinv_dec (11)               
sky130_fd_bd_sram__openram_sp_nand3_dec (8 |sky130_fd_bd_sram__openram_sp_nand3_dec (8 
Number of devices: 19                      |Number of devices: 19                      
Number of nets: 26 **Mismatch**            |Number of nets: 24 **Mismatch**            
---------------------------------------------------------------------------------------
NET mismatches: Class fragments follow (with fanout counts):
Circuit 1: task5_4kb_sram_hierarchical_pre |Circuit 2: task5_4kb_sram_hierarchical_pre 

---------------------------------------------------------------------------------------
Net: vdd                                   |Net: vdd                                   
  sky130_fd_bd_sram__openram_sp_nand3_dec/ |  sky130_fd_bd_sram__openram_sp_nand3_dec/ 
                                           |  task5_4kb_sram_pinv_dec/vdd = 11         
                                           |                                           
Net: vdd_uq0                               |(no matching net)                          
  task5_4kb_sram_pinv_dec/vdd = 8          |                                           
                                           |                                           
Net: vdd_uq2                               |(no matching net)                          
  task5_4kb_sram_pinv_dec/vdd = 3          |                                           
---------------------------------------------------------------------------------------
Netlists do not match.
Port matching may fail to disambiguate symmetries.
  Flattening non-matched subcircuits task5_4kb_sram_hierarchical_predecode3x8 task5_4kb_sram_hierarchical_predecode3x8

Subcircuit summary:
Circuit 1: task5_4kb_sram_pand3            |Circuit 2: task5_4kb_sram_pand3            
-------------------------------------------|-------------------------------------------
sky130_fd_pr__pfet_01v8 (3)                |sky130_fd_pr__pfet_01v8 (3)                
sky130_fd_pr__nfet_01v8 (3)                |sky130_fd_pr__nfet_01v8 (3)                
task5_4kb_sram_pdriver_0 (1)               |task5_4kb_sram_pdriver_0 (1)               
Number of devices: 7                       |Number of devices: 7                       
Number of nets: 9                          |Number of nets: 9                          
---------------------------------------------------------------------------------------
Netlists match uniquely.

Subcircuit pins:
Circuit 1: task5_4kb_sram_pand3            |Circuit 2: task5_4kb_sram_pand3            
-------------------------------------------|-------------------------------------------
Z                                          |Z                                          
vdd                                        |vdd                                        
gnd                                        |gnd                                        
B                                          |B                                          
C                                          |C                                          
A                                          |A                                          
---------------------------------------------------------------------------------------
Cell pin lists are equivalent.
Device classes task5_4kb_sram_pand3 and task5_4kb_sram_pand3 are equivalent.

Subcircuit summary:
Circuit 1: task5_4kb_sram_pinv_1           |Circuit 2: task5_4kb_sram_pinv_1           
-------------------------------------------|-------------------------------------------
sky130_fd_pr__nfet_01v8 (1)                |sky130_fd_pr__nfet_01v8 (1)                
sky130_fd_pr__pfet_01v8 (1)                |sky130_fd_pr__pfet_01v8 (1)                
Number of devices: 2                       |Number of devices: 2                       
Number of nets: 4                          |Number of nets: 4                          
---------------------------------------------------------------------------------------
Netlists match uniquely.

Subcircuit pins:
Circuit 1: task5_4kb_sram_pinv_1           |Circuit 2: task5_4kb_sram_pinv_1           
-------------------------------------------|-------------------------------------------
Z                                          |Z                                          
A                                          |A                                          
vdd                                        |vdd                                        
gnd                                        |gnd                                        
---------------------------------------------------------------------------------------
Cell pin lists are equivalent.
Device classes task5_4kb_sram_pinv_1 and task5_4kb_sram_pinv_1 are equivalent.

Subcircuit summary:
Circuit 1: sky130_fd_bd_sram__openram_writ |Circuit 2: sky130_fd_bd_sram__openram_writ 
-------------------------------------------|-------------------------------------------
sky130_fd_pr__nfet_01v8 (9)                |sky130_fd_pr__nfet_01v8 (9)                
sky130_fd_pr__pfet_01v8 (7)                |sky130_fd_pr__pfet_01v8 (7)                
Number of devices: 16                      |Number of devices: 16                      
Number of nets: 14 **Mismatch**            |Number of nets: 13 **Mismatch**            
---------------------------------------------------------------------------------------
NET mismatches: Class fragments follow (with fanout counts):
Circuit 1: sky130_fd_bd_sram__openram_writ |Circuit 2: sky130_fd_bd_sram__openram_writ 

---------------------------------------------------------------------------------------
Net: vdd                                   |Net: VDD                                   
  sky130_fd_pr__pfet_01v8/(1|3) = 4        |  sky130_fd_pr__pfet_01v8/(1|3) = 7        
  sky130_fd_pr__pfet_01v8/4 = 4            |  sky130_fd_pr__pfet_01v8/4 = 7            
                                           |                                           
Net: vdd_uq0                               |(no matching net)                          
  sky130_fd_pr__pfet_01v8/(1|3) = 3        |                                           
  sky130_fd_pr__pfet_01v8/4 = 3            |                                           
---------------------------------------------------------------------------------------
Netlists do not match.
Port matching may fail to disambiguate symmetries.
  Flattening non-matched subcircuits sky130_fd_bd_sram__openram_write_driver sky130_fd_bd_sram__openram_write_driver

Subcircuit summary:
Circuit 1: task5_4kb_sram_column_mux       |Circuit 2: task5_4kb_sram_column_mux       
-------------------------------------------|-------------------------------------------
sky130_fd_pr__nfet_01v8 (2)                |sky130_fd_pr__nfet_01v8 (2)                
Number of devices: 2                       |Number of devices: 2                       
Number of nets: 6                          |Number of nets: 6                          
---------------------------------------------------------------------------------------
Resolving symmetries by property value.
Resolving symmetries by pin name.
Netlists match uniquely.

Subcircuit pins:
Circuit 1: task5_4kb_sram_column_mux       |Circuit 2: task5_4kb_sram_column_mux       
-------------------------------------------|-------------------------------------------
sel                                        |sel                                        
gnd                                        |gnd                                        
bl_out                                     |bl_out                                     
bl                                         |bl                                         
br_out                                     |br_out                                     
br                                         |br                                         
---------------------------------------------------------------------------------------
Cell pin lists are equivalent.
Device classes task5_4kb_sram_column_mux and task5_4kb_sram_column_mux are equivalent.

Subcircuit summary:
Circuit 1: sky130_fd_bd_sram__openram_sens |Circuit 2: sky130_fd_bd_sram__openram_sens 
-------------------------------------------|-------------------------------------------
sky130_fd_pr__pfet_01v8 (5)                |sky130_fd_pr__pfet_01v8 (5)                
sky130_fd_pr__nfet_01v8 (4)                |sky130_fd_pr__nfet_01v8 (4)                
Number of devices: 9                       |Number of devices: 9                       
Number of nets: 10 **Mismatch**            |Number of nets: 9 **Mismatch**             
---------------------------------------------------------------------------------------
NET mismatches: Class fragments follow (with fanout counts):
Circuit 1: sky130_fd_bd_sram__openram_sens |Circuit 2: sky130_fd_bd_sram__openram_sens 

---------------------------------------------------------------------------------------
Net: vdd                                   |Net: VDD                                   
  sky130_fd_pr__pfet_01v8/4 = 5            |  sky130_fd_pr__pfet_01v8/4 = 5            
  sky130_fd_pr__pfet_01v8/(1|3) = 2        |  sky130_fd_pr__pfet_01v8/(1|3) = 3        
                                           |                                           
Net: vdd_uq0                               |(no matching net)                          
  sky130_fd_pr__pfet_01v8/(1|3) = 1        |                                           
---------------------------------------------------------------------------------------
Netlists do not match.
Port matching may fail to disambiguate symmetries.
  Flattening non-matched subcircuits sky130_fd_bd_sram__openram_sense_amp sky130_fd_bd_sram__openram_sense_amp

Subcircuit summary:
Circuit 1: task5_4kb_sram_pand2            |Circuit 2: task5_4kb_sram_pand2            
-------------------------------------------|-------------------------------------------
sky130_fd_pr__nfet_01v8 (2)                |sky130_fd_pr__nfet_01v8 (2)                
sky130_fd_pr__pfet_01v8 (2)                |sky130_fd_pr__pfet_01v8 (2)                
task5_4kb_sram_pdriver (1)                 |task5_4kb_sram_pdriver (1)                 
Number of devices: 5                       |Number of devices: 5                       
Number of nets: 7                          |Number of nets: 7                          
---------------------------------------------------------------------------------------
Netlists match uniquely.

Subcircuit pins:
Circuit 1: task5_4kb_sram_pand2            |Circuit 2: task5_4kb_sram_pand2            
-------------------------------------------|-------------------------------------------
Z                                          |Z                                          
vdd                                        |vdd                                        
gnd                                        |gnd                                        
B                                          |B                                          
A                                          |A                                          
---------------------------------------------------------------------------------------
Cell pin lists are equivalent.
Device classes task5_4kb_sram_pand2 and task5_4kb_sram_pand2 are equivalent.

Subcircuit summary:
Circuit 1: task5_4kb_sram_precharge_0      |Circuit 2: task5_4kb_sram_precharge_0      
-------------------------------------------|-------------------------------------------
sky130_fd_pr__pfet_01v8 (3)                |sky130_fd_pr__pfet_01v8 (3)                
Number of devices: 3                       |Number of devices: 3                       
Number of nets: 4                          |Number of nets: 4                          
---------------------------------------------------------------------------------------
Resolving symmetries by property value.
Resolving symmetries by pin name.
Netlists match uniquely.

Subcircuit pins:
Circuit 1: task5_4kb_sram_precharge_0      |Circuit 2: task5_4kb_sram_precharge_0      
-------------------------------------------|-------------------------------------------
vdd                                        |vdd                                        
en_bar                                     |en_bar                                     
bl                                         |bl                                         
br                                         |br                                         
---------------------------------------------------------------------------------------
Cell pin lists are equivalent.
Device classes task5_4kb_sram_precharge_0 and task5_4kb_sram_precharge_0 are equivalent.
Flattening unmatched subcell sky130_fd_bd_sram__sram_sp_colend_cent in circuit task5_4kb_sram_sky130_col_cap_array (1)(128 instances)
Flattening unmatched subcell sky130_fd_bd_sram__sram_sp_colend_p_cent in circuit task5_4kb_sram_sky130_col_cap_array (1)(128 instances)

Subcircuit summary:
Circuit 1: task5_4kb_sram_sky130_col_cap_a |Circuit 2: task5_4kb_sram_sky130_col_cap_a 
-------------------------------------------|-------------------------------------------
sky130_fd_bd_sram__sram_sp_colend (257)    |sky130_fd_bd_sram__sram_sp_colend (257)    
Number of devices: 257                     |Number of devices: 257                     
Number of nets: 518 **Mismatch**           |Number of nets: 517 **Mismatch**           
---------------------------------------------------------------------------------------
NET mismatches: Class fragments follow (with fanout counts):
Circuit 1: task5_4kb_sram_sky130_col_cap_a |Circuit 2: task5_4kb_sram_sky130_col_cap_a 

---------------------------------------------------------------------------------------
Net: gnd                                   |Net: gnd                                   
  sky130_fd_bd_sram__sram_sp_colend/gnd =  |  sky130_fd_bd_sram__sram_sp_colend/gnd =  
                                           |  sky130_fd_bd_sram__sram_sp_colend/vnb =  
                                           |                                           
Net: VSUBS                                 |(no matching net)                          
  sky130_fd_bd_sram__sram_sp_colend/vnb =  |                                           
---------------------------------------------------------------------------------------
Netlists do not match.
Port matching may fail to disambiguate symmetries.
  Flattening non-matched subcircuits task5_4kb_sram_sky130_col_cap_array task5_4kb_sram_sky130_col_cap_array
Flattening unmatched subcell sky130_fd_bd_sram__sram_sp_colenda_cent in circuit task5_4kb_sram_sky130_col_cap_array_0 (1)(128 instances)
Flattening unmatched subcell sky130_fd_bd_sram__sram_sp_colenda_p_cent in circuit task5_4kb_sram_sky130_col_cap_array_0 (1)(128 instances)

Subcircuit summary:
Circuit 1: task5_4kb_sram_sky130_col_cap_a |Circuit 2: task5_4kb_sram_sky130_col_cap_a 
-------------------------------------------|-------------------------------------------
sky130_fd_bd_sram__sram_sp_colenda (257)   |sky130_fd_bd_sram__sram_sp_colenda (257)   
Number of devices: 257                     |Number of devices: 257                     
Number of nets: 518 **Mismatch**           |Number of nets: 517 **Mismatch**           
---------------------------------------------------------------------------------------
NET mismatches: Class fragments follow (with fanout counts):
Circuit 1: task5_4kb_sram_sky130_col_cap_a |Circuit 2: task5_4kb_sram_sky130_col_cap_a 

---------------------------------------------------------------------------------------
Net: gnd                                   |Net: gnd                                   
  sky130_fd_bd_sram__sram_sp_colenda/gnd = |  sky130_fd_bd_sram__sram_sp_colenda/gnd = 
                                           |  sky130_fd_bd_sram__sram_sp_colenda/vnb = 
                                           |                                           
Net: VSUBS                                 |(no matching net)                          
  sky130_fd_bd_sram__sram_sp_colenda/vnb = |                                           
---------------------------------------------------------------------------------------
Netlists do not match.
Port matching may fail to disambiguate symmetries.
  Flattening non-matched subcircuits task5_4kb_sram_sky130_col_cap_array_0 task5_4kb_sram_sky130_col_cap_array_0
Flattening unmatched subcell sky130_fd_bd_sram__sram_sp_colend_p_cent in circuit task5_4kb_sram_sky130_replica_column (1)(1 instance)
Flattening unmatched subcell sky130_fd_bd_sram__sram_sp_wlstrap_p in circuit task5_4kb_sram_sky130_replica_column (1)(65 instances)
Flattening unmatched subcell sky130_fd_bd_sram__sram_sp_wlstrapa_p in circuit task5_4kb_sram_sky130_replica_column (1)(65 instances)
Flattening unmatched subcell sky130_fd_bd_sram__sram_sp_colenda_p_cent in circuit task5_4kb_sram_sky130_replica_column (1)(1 instance)

Subcircuit summary:
Circuit 1: task5_4kb_sram_sky130_replica_c |Circuit 2: task5_4kb_sram_sky130_replica_c 
-------------------------------------------|-------------------------------------------
sky130_fd_pr__special_pfet_pass (520)      |sky130_fd_pr__special_pfet_pass (520)      
sky130_fd_pr__special_nfet_latch (260)     |sky130_fd_pr__special_nfet_latch (260)     
sky130_fd_pr__special_nfet_pass (260)      |sky130_fd_pr__special_nfet_pass (260)      
sky130_fd_bd_sram__sram_sp_colenda (1)     |sky130_fd_bd_sram__sram_sp_colenda (1)     
sky130_fd_bd_sram__sram_sp_colend (1)      |sky130_fd_bd_sram__sram_sp_colend (1)      
Number of devices: 1042                    |Number of devices: 1042                    
Number of nets: 268 **Mismatch**           |Number of nets: 266 **Mismatch**           
---------------------------------------------------------------------------------------
NET mismatches: Class fragments follow (with fanout counts):
Circuit 1: task5_4kb_sram_sky130_replica_c |Circuit 2: task5_4kb_sram_sky130_replica_c 

---------------------------------------------------------------------------------------
Net: vdd                                   |Net: vdd                                   
  sky130_fd_pr__special_pfet_pass/(1|3) =  |  sky130_fd_pr__special_pfet_pass/(1|3) =  
  sky130_fd_pr__special_pfet_pass/2 = 130  |  sky130_fd_pr__special_pfet_pass/2 = 130  
  sky130_fd_pr__special_nfet_latch/2 = 130 |  sky130_fd_pr__special_nfet_latch/2 = 130 
  sky130_fd_pr__special_nfet_pass/(1|3) =  |  sky130_fd_pr__special_nfet_pass/(1|3) =  
  sky130_fd_pr__special_nfet_latch/(1|3) = |  sky130_fd_pr__special_nfet_latch/(1|3) = 
  sky130_fd_bd_sram__sram_sp_colenda/vdd = |  sky130_fd_bd_sram__sram_sp_colenda/vdd = 
  sky130_fd_bd_sram__sram_sp_colend/vdd =  |  sky130_fd_bd_sram__sram_sp_colend/vdd =  
                                           |  sky130_fd_pr__special_pfet_pass/4 = 520  
                                           |  sky130_fd_bd_sram__sram_sp_colend/vpb =  
                                           |  sky130_fd_bd_sram__sram_sp_colenda/vpb = 
                                           |                                           
Net: gnd                                   |Net: gnd                                   
  sky130_fd_pr__special_nfet_latch/(1|3) = |  sky130_fd_pr__special_nfet_latch/(1|3) = 
  sky130_fd_bd_sram__sram_sp_colenda/gnd = |  sky130_fd_bd_sram__sram_sp_colenda/gnd = 
  sky130_fd_bd_sram__sram_sp_colend/gnd =  |  sky130_fd_bd_sram__sram_sp_colend/gnd =  
                                           |  sky130_fd_pr__special_nfet_pass/4 = 260  
                                           |  sky130_fd_pr__special_nfet_latch/4 = 260 
                                           |  sky130_fd_bd_sram__sram_sp_colend/vnb =  
                                           |  sky130_fd_bd_sram__sram_sp_colenda/vnb = 
                                           |                                           
Net: vdd_uq65                              |(no matching net)                          
  sky130_fd_pr__special_pfet_pass/4 = 520  |                                           
  sky130_fd_bd_sram__sram_sp_colenda/vpb = |                                           
  sky130_fd_bd_sram__sram_sp_colend/vpb =  |                                           
                                           |                                           
Net: VSUBS                                 |(no matching net)                          
  sky130_fd_pr__special_nfet_latch/4 = 260 |                                           
  sky130_fd_pr__special_nfet_pass/4 = 260  |                                           
  sky130_fd_bd_sram__sram_sp_colenda/vnb = |                                           
  sky130_fd_bd_sram__sram_sp_colend/vnb =  |                                           
---------------------------------------------------------------------------------------
Netlists do not match.
Port matching may fail to disambiguate symmetries.
  Flattening non-matched subcircuits task5_4kb_sram_sky130_replica_column task5_4kb_sram_sky130_replica_column
Flattening unmatched subcell sky130_fd_bd_sram__sram_sp_wlstrapa in circuit task5_4kb_sram_sky130_dummy_array (1)(128 instances)
Flattening unmatched subcell sky130_fd_bd_sram__sram_sp_wlstrapa_p in circuit task5_4kb_sram_sky130_dummy_array (1)(128 instances)

Cell task5_4kb_sram_sky130_dummy_array (0) disconnected node: sky130_fd_bd_sram__sram_sp_wlstrapa_51/m1_158_121r#
Cell task5_4kb_sram_sky130_dummy_array (0) disconnected node: sky130_fd_bd_sram__sram_sp_wlstrapa_p_6/m1_42_0#
Cell task5_4kb_sram_sky130_dummy_array (0) disconnected node: sky130_fd_bd_sram__sram_sp_wlstrapa_49/m1_158_121r#
Cell task5_4kb_sram_sky130_dummy_array (0) disconnected node: sky130_fd_bd_sram__sram_sp_wlstrapa_p_116/m1_42_0#
Cell task5_4kb_sram_sky130_dummy_array (0) disconnected node: sky130_fd_bd_sram__sram_sp_wlstrapa_p_81/m1_42_0#
Cell task5_4kb_sram_sky130_dummy_array (0) disconnected node: sky130_fd_bd_sram__sram_sp_wlstrapa_p_10/m1_42_0#
Cell task5_4kb_sram_sky130_dummy_array (0) disconnected node: sky130_fd_bd_sram__sram_sp_wlstrapa_p_66/m1_42_0#
Cell task5_4kb_sram_sky130_dummy_array (0) disconnected node: sky130_fd_bd_sram__sram_sp_wlstrapa_44/m1_158_121r#
Cell task5_4kb_sram_sky130_dummy_array (0) disconnected node: sky130_fd_bd_sram__sram_sp_wlstrapa_126/m1_158_121r#
Cell task5_4kb_sram_sky130_dummy_array (0) disconnected node: sky130_fd_bd_sram__sram_sp_wlstrapa_p_41/m1_42_0#
Cell task5_4kb_sram_sky130_dummy_array (0) disconnected node: sky130_fd_bd_sram__sram_sp_wlstrapa_37/m1_158_121r#
Cell task5_4kb_sram_sky130_dummy_array (0) disconnected node: sky130_fd_bd_sram__sram_sp_wlstrapa_p_97/m1_42_0#
Cell task5_4kb_sram_sky130_dummy_array (0) disconnected node: sky130_fd_bd_sram__sram_sp_wlstrapa_p_26/m1_42_0#
Cell task5_4kb_sram_sky130_dummy_array (0) disconnected node: sky130_fd_bd_sram__sram_sp_wlstrapa_121/m1_158_121r#
Cell task5_4kb_sram_sky130_dummy_array (0) disconnected node: sky130_fd_bd_sram__sram_sp_wlstrapa_p_122/m1_42_0#
Cell task5_4kb_sram_sky130_dummy_array (0) disconnected node: sky130_fd_bd_sram__sram_sp_wlstrapa_119/m1_158_121r#
Cell task5_4kb_sram_sky130_dummy_array (0) disconnected node: sky130_fd_bd_sram__sram_sp_wlstrapa_98/m1_158_121r#
Cell task5_4kb_sram_sky130_dummy_array (0) disconnected node: sky130_fd_bd_sram__sram_sp_wlstrapa_32/m1_158_121r#
Cell task5_4kb_sram_sky130_dummy_array (0) disconnected node: sky130_fd_bd_sram__sram_sp_wlstrapa_p_107/m1_42_0#
Cell task5_4kb_sram_sky130_dummy_array (0) disconnected node: sky130_fd_bd_sram__sram_sp_wlstrapa_p_72/m1_42_0#
Cell task5_4kb_sram_sky130_dummy_array (0) disconnected node: sky130_fd_bd_sram__sram_sp_wlstrapa_114/m1_158_121r#
Cell task5_4kb_sram_sky130_dummy_array (0) disconnected node: sky130_fd_bd_sram__sram_sp_wlstrapa_93/m1_158_121r#
Cell task5_4kb_sram_sky130_dummy_array (0) disconnected node: sky130_fd_bd_sram__sram_sp_wlstrapa_p_57/m1_42_0#
Cell task5_4kb_sram_sky130_dummy_array (0) disconnected node: sky130_fd_bd_sram__sram_sp_wlstrapa_25/m1_158_121r#
Cell task5_4kb_sram_sky130_dummy_array (0) disconnected node: sky130_fd_bd_sram__sram_sp_wlstrapa_6/m1_158_121r#
Cell task5_4kb_sram_sky130_dummy_array (0) disconnected node: sky130_fd_bd_sram__sram_sp_wlstrapa_107/m1_158_121r#
Cell task5_4kb_sram_sky130_dummy_array (0) disconnected node: sky130_fd_bd_sram__sram_sp_wlstrapa_86/m1_158_121r#
Cell task5_4kb_sram_sky130_dummy_array (0) disconnected node: sky130_fd_bd_sram__sram_sp_wlstrapa_p_32/m1_42_0#
Cell task5_4kb_sram_sky130_dummy_array (0) disconnected node: sky130_fd_bd_sram__sram_sp_wlstrapa_20/m1_158_121r#
Cell task5_4kb_sram_sky130_dummy_array (0) disconnected node: sky130_fd_bd_sram__sram_sp_wlstrapa_18/m1_158_121r#
Cell task5_4kb_sram_sky130_dummy_array (0) disconnected node: sky130_fd_bd_sram__sram_sp_wlstrapa_1/m1_158_121r#
Cell task5_4kb_sram_sky130_dummy_array (0) disconnected node: sky130_fd_bd_sram__sram_sp_wlstrapa_p_17/m1_42_0#
Cell task5_4kb_sram_sky130_dummy_array (0) disconnected node: sky130_fd_bd_sram__sram_sp_wlstrapa_p_88/m1_42_0#
Cell task5_4kb_sram_sky130_dummy_array (0) disconnected node: sky130_fd_bd_sram__sram_sp_wlstrapa_p_3/m1_42_0#
Cell task5_4kb_sram_sky130_dummy_array (0) disconnected node: sky130_fd_bd_sram__sram_sp_wlstrapa_102/m1_158_121r#
Cell task5_4kb_sram_sky130_dummy_array (0) disconnected node: sky130_fd_bd_sram__sram_sp_wlstrapa_p_113/m1_42_0#
Cell task5_4kb_sram_sky130_dummy_array (0) disconnected node: sky130_fd_bd_sram__sram_sp_wlstrapa_81/m1_158_121r#
Cell task5_4kb_sram_sky130_dummy_array (0) disconnected node: sky130_fd_bd_sram__sram_sp_wlstrapa_79/m1_158_121r#
Cell task5_4kb_sram_sky130_dummy_array (0) disconnected node: sky130_fd_bd_sram__sram_sp_wlstrapa_13/m1_158_121r#
Cell task5_4kb_sram_sky130_dummy_array (0) disconnected node: sky130_fd_bd_sram__sram_sp_wlstrapa_p_63/m1_42_0#
Cell task5_4kb_sram_sky130_dummy_array (0) disconnected node: sky130_fd_bd_sram__sram_sp_wlstrapa_74/m1_158_121r#
Cell task5_4kb_sram_sky130_dummy_array (0) disconnected node: sky130_fd_bd_sram__sram_sp_wlstrapa_p_48/m1_42_0#
Cell task5_4kb_sram_sky130_dummy_array (0) disconnected node: sky130_fd_bd_sram__sram_sp_wlstrapa_p_94/m1_42_0#
Cell task5_4kb_sram_sky130_dummy_array (0) disconnected node: sky130_fd_bd_sram__sram_sp_wlstrapa_p_23/m1_42_0#
Cell task5_4kb_sram_sky130_dummy_array (0) disconnected node: sky130_fd_bd_sram__sram_sp_wlstrapa_67/m1_158_121r#
Cell task5_4kb_sram_sky130_dummy_array (0) disconnected node: sky130_fd_bd_sram__sram_sp_wlstrapa_p_79/m1_42_0#
Cell task5_4kb_sram_sky130_dummy_array (0) disconnected node: sky130_fd_bd_sram__sram_sp_wlstrapa_p_104/m1_42_0#
Cell task5_4kb_sram_sky130_dummy_array (0) disconnected node: sky130_fd_bd_sram__sram_sp_wlstrapa_62/m1_158_121r#
Cell task5_4kb_sram_sky130_dummy_array (0) disconnected node: sky130_fd_bd_sram__sram_sp_wlstrapa_p_54/m1_42_0#
Cell task5_4kb_sram_sky130_dummy_array (0) disconnected node: sky130_fd_bd_sram__sram_sp_wlstrapa_55/m1_158_121r#
Cell task5_4kb_sram_sky130_dummy_array (0) disconnected node: sky130_fd_bd_sram__sram_sp_wlstrapa_p_39/m1_42_0#
Cell task5_4kb_sram_sky130_dummy_array (0) disconnected node: sky130_fd_bd_sram__sram_sp_wlstrapa_50/m1_158_121r#
Cell task5_4kb_sram_sky130_dummy_array (0) disconnected node: sky130_fd_bd_sram__sram_sp_wlstrapa_p_85/m1_42_0#
Cell task5_4kb_sram_sky130_dummy_array (0) disconnected node: sky130_fd_bd_sram__sram_sp_wlstrapa_p_14/m1_42_0#
Cell task5_4kb_sram_sky130_dummy_array (0) disconnected node: sky130_fd_bd_sram__sram_sp_wlstrapa_48/m1_158_121r#
Cell task5_4kb_sram_sky130_dummy_array (0) disconnected node: sky130_fd_bd_sram__sram_sp_wlstrapa_p_0/m1_42_0#
Cell task5_4kb_sram_sky130_dummy_array (0) disconnected node: sky130_fd_bd_sram__sram_sp_wlstrapa_p_110/m1_42_0#
Cell task5_4kb_sram_sky130_dummy_array (0) disconnected node: sky130_fd_bd_sram__sram_sp_wlstrapa_p_60/m1_42_0#
Cell task5_4kb_sram_sky130_dummy_array (0) disconnected node: sky130_fd_bd_sram__sram_sp_wlstrapa_43/m1_158_121r#
Cell task5_4kb_sram_sky130_dummy_array (0) disconnected node: sky130_fd_bd_sram__sram_sp_wlstrapa_p_45/m1_42_0#
Cell task5_4kb_sram_sky130_dummy_array (0) disconnected node: sky130_fd_bd_sram__sram_sp_wlstrapa_125/m1_158_121r#
Cell task5_4kb_sram_sky130_dummy_array (0) disconnected node: sky130_fd_bd_sram__sram_sp_wlstrapa_36/m1_158_121r#
Cell task5_4kb_sram_sky130_dummy_array (0) disconnected node: sky130_fd_bd_sram__sram_sp_wlstrapa_p_126/m1_42_0#
Cell task5_4kb_sram_sky130_dummy_array (0) disconnected node: sky130_fd_bd_sram__sram_sp_wlstrapa_p_91/m1_42_0#
Cell task5_4kb_sram_sky130_dummy_array (0) disconnected node: sky130_fd_bd_sram__sram_sp_wlstrapa_p_20/m1_42_0#
Cell task5_4kb_sram_sky130_dummy_array (0) disconnected node: sky130_fd_bd_sram__sram_sp_wlstrapa_120/m1_158_121r#
Cell task5_4kb_sram_sky130_dummy_array (0) disconnected node: sky130_fd_bd_sram__sram_sp_wlstrapa_118/m1_158_121r#
Cell task5_4kb_sram_sky130_dummy_array (0) disconnected node: sky130_fd_bd_sram__sram_sp_wlstrapa_97/m1_158_121r#
Cell task5_4kb_sram_sky130_dummy_array (0) disconnected node: sky130_fd_bd_sram__sram_sp_wlstrapa_p_76/m1_42_0#
Cell task5_4kb_sram_sky130_dummy_array (0) disconnected node: sky130_fd_bd_sram__sram_sp_wlstrapa_31/m1_158_121r#
Cell task5_4kb_sram_sky130_dummy_array (0) disconnected node: sky130_fd_bd_sram__sram_sp_wlstrapa_29/m1_158_121r#
Cell task5_4kb_sram_sky130_dummy_array (0) disconnected node: sky130_fd_bd_sram__sram_sp_wlstrapa_p_101/m1_42_0#
Cell task5_4kb_sram_sky130_dummy_array (0) disconnected node: sky130_fd_bd_sram__sram_sp_wlstrapa_113/m1_158_121r#
Cell task5_4kb_sram_sky130_dummy_array (0) disconnected node: sky130_fd_bd_sram__sram_sp_wlstrapa_92/m1_158_121r#
Cell task5_4kb_sram_sky130_dummy_array (0) disconnected node: sky130_fd_bd_sram__sram_sp_wlstrapa_p_51/m1_42_0#
Cell task5_4kb_sram_sky130_dummy_array (0) disconnected node: sky130_fd_bd_sram__sram_sp_wlstrapa_24/m1_158_121r#
Cell task5_4kb_sram_sky130_dummy_array (0) disconnected node: sky130_fd_bd_sram__sram_sp_wlstrapa_5/m1_158_121r#
Cell task5_4kb_sram_sky130_dummy_array (0) disconnected node: sky130_fd_bd_sram__sram_sp_wlstrapa_p_36/m1_42_0#
Cell task5_4kb_sram_sky130_dummy_array (0) disconnected node: sky130_fd_bd_sram__sram_sp_wlstrapa_106/m1_158_121r#
Cell task5_4kb_sram_sky130_dummy_array (0) disconnected node: sky130_fd_bd_sram__sram_sp_wlstrapa_85/m1_158_121r#
Cell task5_4kb_sram_sky130_dummy_array (0) disconnected node: sky130_fd_bd_sram__sram_sp_wlstrapa_p_7/m1_42_0#
Cell task5_4kb_sram_sky130_dummy_array (0) disconnected node: sky130_fd_bd_sram__sram_sp_wlstrapa_17/m1_158_121r#
Cell task5_4kb_sram_sky130_dummy_array (0) disconnected node: sky130_fd_bd_sram__sram_sp_wlstrapa_0/m1_158_121r#
Cell task5_4kb_sram_sky130_dummy_array (0) disconnected node: sky130_fd_bd_sram__sram_sp_wlstrapa_p_117/m1_42_0#
Cell task5_4kb_sram_sky130_dummy_array (0) disconnected node: sky130_fd_bd_sram__sram_sp_wlstrapa_p_82/m1_42_0#
Cell task5_4kb_sram_sky130_dummy_array (0) disconnected node: sky130_fd_bd_sram__sram_sp_wlstrapa_p_11/m1_42_0#
Cell task5_4kb_sram_sky130_dummy_array (0) disconnected node: sky130_fd_bd_sram__sram_sp_wlstrapa_101/m1_158_121r#
Cell task5_4kb_sram_sky130_dummy_array (0) disconnected node: sky130_fd_bd_sram__sram_sp_wlstrapa_80/m1_158_121r#
Cell task5_4kb_sram_sky130_dummy_array (0) disconnected node: sky130_fd_bd_sram__sram_sp_wlstrapa_78/m1_158_121r#
Cell task5_4kb_sram_sky130_dummy_array (0) disconnected node: sky130_fd_bd_sram__sram_sp_wlstrapa_p_67/m1_42_0#
Cell task5_4kb_sram_sky130_dummy_array (0) disconnected node: sky130_fd_bd_sram__sram_sp_wlstrapa_12/m1_158_121r#
Cell task5_4kb_sram_sky130_dummy_array (0) disconnected node: sky130_fd_bd_sram__sram_sp_wlstrapa_73/m1_158_121r#
Cell task5_4kb_sram_sky130_dummy_array (0) disconnected node: sky130_fd_bd_sram__sram_sp_wlstrapa_p_42/m1_42_0#
Cell task5_4kb_sram_sky130_dummy_array (0) disconnected node: sky130_fd_bd_sram__sram_sp_wlstrapa_p_98/m1_42_0#
Cell task5_4kb_sram_sky130_dummy_array (0) disconnected node: sky130_fd_bd_sram__sram_sp_wlstrapa_p_27/m1_42_0#
Cell task5_4kb_sram_sky130_dummy_array (0) disconnected node: sky130_fd_bd_sram__sram_sp_wlstrapa_p_123/m1_42_0#
Cell task5_4kb_sram_sky130_dummy_array (0) disconnected node: sky130_fd_bd_sram__sram_sp_wlstrapa_66/m1_158_121r#
Cell task5_4kb_sram_sky130_dummy_array (0) disconnected node: sky130_fd_bd_sram__sram_sp_wlstrapa_p_108/m1_42_0#
Cell task5_4kb_sram_sky130_dummy_array (0) disconnected node: sky130_fd_bd_sram__sram_sp_wlstrapa_p_73/m1_42_0#
Cell task5_4kb_sram_sky130_dummy_array (0) disconnected node: sky130_fd_bd_sram__sram_sp_wlstrapa_61/m1_158_121r#
Cell task5_4kb_sram_sky130_dummy_array (0) disconnected node: sky130_fd_bd_sram__sram_sp_wlstrapa_59/m1_158_121r#
Cell task5_4kb_sram_sky130_dummy_array (0) disconnected node: sky130_fd_bd_sram__sram_sp_wlstrapa_p_58/m1_42_0#
Cell task5_4kb_sram_sky130_dummy_array (0) disconnected node: sky130_fd_bd_sram__sram_sp_wlstrapa_54/m1_158_121r#
Cell task5_4kb_sram_sky130_dummy_array (0) disconnected node: sky130_fd_bd_sram__sram_sp_wlstrapa_p_33/m1_42_0#
Cell task5_4kb_sram_sky130_dummy_array (0) disconnected node: sky130_fd_bd_sram__sram_sp_wlstrapa_p_89/m1_42_0#
Cell task5_4kb_sram_sky130_dummy_array (0) disconnected node: sky130_fd_bd_sram__sram_sp_wlstrapa_p_18/m1_42_0#
Cell task5_4kb_sram_sky130_dummy_array (0) disconnected node: sky130_fd_bd_sram__sram_sp_wlstrapa_p_4/m1_42_0#
Cell task5_4kb_sram_sky130_dummy_array (0) disconnected node: sky130_fd_bd_sram__sram_sp_wlstrapa_p_114/m1_42_0#
Cell task5_4kb_sram_sky130_dummy_array (0) disconnected node: sky130_fd_bd_sram__sram_sp_wlstrapa_47/m1_158_121r#
Cell task5_4kb_sram_sky130_dummy_array (0) disconnected node: sky130_fd_bd_sram__sram_sp_wlstrapa_p_64/m1_42_0#
Cell task5_4kb_sram_sky130_dummy_array (0) disconnected node: sky130_fd_bd_sram__sram_sp_wlstrapa_42/m1_158_121r#
Cell task5_4kb_sram_sky130_dummy_array (0) disconnected node: sky130_fd_bd_sram__sram_sp_wlstrapa_p_49/m1_42_0#
Cell task5_4kb_sram_sky130_dummy_array (0) disconnected node: sky130_fd_bd_sram__sram_sp_wlstrapa_124/m1_158_121r#
Cell task5_4kb_sram_sky130_dummy_array (0) disconnected node: sky130_fd_bd_sram__sram_sp_wlstrapa_35/m1_158_121r#
Cell task5_4kb_sram_sky130_dummy_array (0) disconnected node: sky130_fd_bd_sram__sram_sp_wlstrapa_p_95/m1_42_0#
Cell task5_4kb_sram_sky130_dummy_array (0) disconnected node: sky130_fd_bd_sram__sram_sp_wlstrapa_p_24/m1_42_0#
Cell task5_4kb_sram_sky130_dummy_array (0) disconnected node: sky130_fd_bd_sram__sram_sp_wlstrapa_p_120/m1_42_0#
Cell task5_4kb_sram_sky130_dummy_array (0) disconnected node: sky130_fd_bd_sram__sram_sp_wlstrapa_117/m1_158_121r#
Cell task5_4kb_sram_sky130_dummy_array (0) disconnected node: sky130_fd_bd_sram__sram_sp_wlstrapa_96/m1_158_121r#
Cell task5_4kb_sram_sky130_dummy_array (0) disconnected node: sky130_fd_bd_sram__sram_sp_wlstrapa_p_105/m1_42_0#
Cell task5_4kb_sram_sky130_dummy_array (0) disconnected node: sky130_fd_bd_sram__sram_sp_wlstrapa_30/m1_158_121r#
Cell task5_4kb_sram_sky130_dummy_array (0) disconnected node: sky130_fd_bd_sram__sram_sp_wlstrapa_p_70/m1_42_0#
Cell task5_4kb_sram_sky130_dummy_array (0) disconnected node: sky130_fd_bd_sram__sram_sp_wlstrapa_28/m1_158_121r#
Cell task5_4kb_sram_sky130_dummy_array (0) disconnected node: sky130_fd_bd_sram__sram_sp_wlstrapa_9/m1_158_121r#
Cell task5_4kb_sram_sky130_dummy_array (0) disconnected node: sky130_fd_bd_sram__sram_sp_wlstrapa_p_55/m1_42_0#
Cell task5_4kb_sram_sky130_dummy_array (0) disconnected node: sky130_fd_bd_sram__sram_sp_wlstrapa_112/m1_158_121r#
Cell task5_4kb_sram_sky130_dummy_array (0) disconnected node: sky130_fd_bd_sram__sram_sp_wlstrapa_91/m1_158_121r#
Cell task5_4kb_sram_sky130_dummy_array (0) disconnected node: sky130_fd_bd_sram__sram_sp_wlstrapa_89/m1_158_121r#
Cell task5_4kb_sram_sky130_dummy_array (0) disconnected node: sky130_fd_bd_sram__sram_sp_wlstrapa_23/m1_158_121r#
Cell task5_4kb_sram_sky130_dummy_array (0) disconnected node: sky130_fd_bd_sram__sram_sp_wlstrapa_4/m1_158_121r#
Cell task5_4kb_sram_sky130_dummy_array (0) disconnected node: sky130_fd_bd_sram__sram_sp_wlstrapa_p_30/m1_42_0#
Cell task5_4kb_sram_sky130_dummy_array (0) disconnected node: sky130_fd_bd_sram__sram_sp_wlstrapa_105/m1_158_121r#
Cell task5_4kb_sram_sky130_dummy_array (0) disconnected node: sky130_fd_bd_sram__sram_sp_wlstrapa_84/m1_158_121r#
Cell task5_4kb_sram_sky130_dummy_array (0) disconnected node: sky130_fd_bd_sram__sram_sp_wlstrapa_p_86/m1_42_0#
Cell task5_4kb_sram_sky130_dummy_array (0) disconnected node: sky130_fd_bd_sram__sram_sp_wlstrapa_p_15/m1_42_0#
Cell task5_4kb_sram_sky130_dummy_array (0) disconnected node: sky130_fd_bd_sram__sram_sp_wlstrapa_16/m1_158_121r#
Cell task5_4kb_sram_sky130_dummy_array (0) disconnected node: sky130_fd_bd_sram__sram_sp_wlstrapa_p_1/m1_42_0#
Cell task5_4kb_sram_sky130_dummy_array (0) disconnected node: sky130_fd_bd_sram__sram_sp_wlstrapa_p_111/m1_42_0#
Cell task5_4kb_sram_sky130_dummy_array (0) disconnected node: sky130_fd_bd_sram__sram_sp_wlstrapa_100/m1_158_121r#
Cell task5_4kb_sram_sky130_dummy_array (0) disconnected node: sky130_fd_bd_sram__sram_sp_wlstrapa_77/m1_158_121r#
Cell task5_4kb_sram_sky130_dummy_array (0) disconnected node: sky130_fd_bd_sram__sram_sp_wlstrapa_p_61/m1_42_0#
Cell task5_4kb_sram_sky130_dummy_array (0) disconnected node: sky130_fd_bd_sram__sram_sp_wlstrapa_11/m1_158_121r#
Cell task5_4kb_sram_sky130_dummy_array (0) disconnected node: sky130_fd_bd_sram__sram_sp_wlstrapa_p_46/m1_42_0#
Cell task5_4kb_sram_sky130_dummy_array (0) disconnected node: sky130_fd_bd_sram__sram_sp_wlstrapa_72/m1_158_121r#
Cell task5_4kb_sram_sky130_dummy_array (0) disconnected node: sky130_fd_bd_sram__sram_sp_wlstrapa_p_127/m1_42_0#
Cell task5_4kb_sram_sky130_dummy_array (0) disconnected node: sky130_fd_bd_sram__sram_sp_wlstrapa_p_21/m1_42_0#
Cell task5_4kb_sram_sky130_dummy_array (0) disconnected node: sky130_fd_bd_sram__sram_sp_wlstrapa_p_92/m1_42_0#
Cell task5_4kb_sram_sky130_dummy_array (0) disconnected node: sky130_fd_bd_sram__sram_sp_wlstrapa_65/m1_158_121r#
Cell task5_4kb_sram_sky130_dummy_array (0) disconnected node: sky130_fd_bd_sram__sram_sp_wlstrapa_p_77/m1_42_0#
Cell task5_4kb_sram_sky130_dummy_array (0) disconnected node: sky130_fd_bd_sram__sram_sp_wlstrapa_p_102/m1_42_0#
Cell task5_4kb_sram_sky130_dummy_array (0) disconnected node: sky130_fd_bd_sram__sram_sp_wlstrapa_60/m1_158_121r#
Cell task5_4kb_sram_sky130_dummy_array (0) disconnected node: sky130_fd_bd_sram__sram_sp_wlstrapa_58/m1_158_121r#
Cell task5_4kb_sram_sky130_dummy_array (0) disconnected node: sky130_fd_bd_sram__sram_sp_wlstrapa_p_52/m1_42_0#
Cell task5_4kb_sram_sky130_dummy_array (0) disconnected node: sky130_fd_bd_sram__sram_sp_wlstrapa_p_37/m1_42_0#
Cell task5_4kb_sram_sky130_dummy_array (0) disconnected node: sky130_fd_bd_sram__sram_sp_wlstrapa_53/m1_158_121r#
Cell task5_4kb_sram_sky130_dummy_array (0) disconnected node: sky130_fd_bd_sram__sram_sp_wlstrapa_p_8/m1_42_0#
Cell task5_4kb_sram_sky130_dummy_array (0) disconnected node: sky130_fd_bd_sram__sram_sp_wlstrapa_p_118/m1_42_0#
Cell task5_4kb_sram_sky130_dummy_array (0) disconnected node: sky130_fd_bd_sram__sram_sp_wlstrapa_p_12/m1_42_0#
Cell task5_4kb_sram_sky130_dummy_array (0) disconnected node: sky130_fd_bd_sram__sram_sp_wlstrapa_p_83/m1_42_0#
Cell task5_4kb_sram_sky130_dummy_array (0) disconnected node: sky130_fd_bd_sram__sram_sp_wlstrapa_46/m1_158_121r#
Cell task5_4kb_sram_sky130_dummy_array (0) disconnected node: sky130_fd_bd_sram__sram_sp_wlstrapa_p_68/m1_42_0#
Cell task5_4kb_sram_sky130_dummy_array (0) disconnected node: sky130_fd_bd_sram__sram_sp_wlstrapa_41/m1_158_121r#
Cell task5_4kb_sram_sky130_dummy_array (0) disconnected node: sky130_fd_bd_sram__sram_sp_wlstrapa_39/m1_158_121r#
Cell task5_4kb_sram_sky130_dummy_array (0) disconnected node: sky130_fd_bd_sram__sram_sp_wlstrapa_p_43/m1_42_0#
Cell task5_4kb_sram_sky130_dummy_array (0) disconnected node: sky130_fd_bd_sram__sram_sp_wlstrapa_123/m1_158_121r#
Cell task5_4kb_sram_sky130_dummy_array (0) disconnected node: sky130_fd_bd_sram__sram_sp_wlstrapa_p_99/m1_42_0#
Cell task5_4kb_sram_sky130_dummy_array (0) disconnected node: sky130_fd_bd_sram__sram_sp_wlstrapa_p_28/m1_42_0#
Cell task5_4kb_sram_sky130_dummy_array (0) disconnected node: sky130_fd_bd_sram__sram_sp_wlstrapa_p_124/m1_42_0#
Cell task5_4kb_sram_sky130_dummy_array (0) disconnected node: sky130_fd_bd_sram__sram_sp_wlstrapa_34/m1_158_121r#
Cell task5_4kb_sram_sky130_dummy_array (0) disconnected node: sky130_fd_bd_sram__sram_sp_wlstrapa_p_109/m1_42_0#
Cell task5_4kb_sram_sky130_dummy_array (0) disconnected node: sky130_fd_bd_sram__sram_sp_wlstrapa_p_74/m1_42_0#
Cell task5_4kb_sram_sky130_dummy_array (0) disconnected node: sky130_fd_bd_sram__sram_sp_wlstrapa_116/m1_158_121r#
Cell task5_4kb_sram_sky130_dummy_array (0) disconnected node: sky130_fd_bd_sram__sram_sp_wlstrapa_95/m1_158_121r#
Cell task5_4kb_sram_sky130_dummy_array (0) disconnected node: sky130_fd_bd_sram__sram_sp_wlstrapa_27/m1_158_121r#
Cell task5_4kb_sram_sky130_dummy_array (0) disconnected node: sky130_fd_bd_sram__sram_sp_wlstrapa_p_59/m1_42_0#
Cell task5_4kb_sram_sky130_dummy_array (0) disconnected node: sky130_fd_bd_sram__sram_sp_wlstrapa_8/m1_158_121r#
Cell task5_4kb_sram_sky130_dummy_array (0) disconnected node: sky130_fd_bd_sram__sram_sp_wlstrapa_111/m1_158_121r#
Cell task5_4kb_sram_sky130_dummy_array (0) disconnected node: sky130_fd_bd_sram__sram_sp_wlstrapa_90/m1_158_121r#
Cell task5_4kb_sram_sky130_dummy_array (0) disconnected node: sky130_fd_bd_sram__sram_sp_wlstrapa_109/m1_158_121r#
Cell task5_4kb_sram_sky130_dummy_array (0) disconnected node: sky130_fd_bd_sram__sram_sp_wlstrapa_88/m1_158_121r#
Cell task5_4kb_sram_sky130_dummy_array (0) disconnected node: sky130_fd_bd_sram__sram_sp_wlstrapa_22/m1_158_121r#
Cell task5_4kb_sram_sky130_dummy_array (0) disconnected node: sky130_fd_bd_sram__sram_sp_wlstrapa_p_34/m1_42_0#
Cell task5_4kb_sram_sky130_dummy_array (0) disconnected node: sky130_fd_bd_sram__sram_sp_wlstrapa_3/m1_158_121r#
Cell task5_4kb_sram_sky130_dummy_array (0) disconnected node: sky130_fd_bd_sram__sram_sp_wlstrapa_p_19/m1_42_0#
Cell task5_4kb_sram_sky130_dummy_array (0) disconnected node: sky130_fd_bd_sram__sram_sp_wlstrapa_104/m1_158_121r#
Cell task5_4kb_sram_sky130_dummy_array (0) disconnected node: sky130_fd_bd_sram__sram_sp_wlstrapa_83/m1_158_121r#
Cell task5_4kb_sram_sky130_dummy_array (0) disconnected node: sky130_fd_bd_sram__sram_sp_wlstrapa_p_5/m1_42_0#
Cell task5_4kb_sram_sky130_dummy_array (0) disconnected node: sky130_fd_bd_sram__sram_sp_wlstrapa_p_115/m1_42_0#
Cell task5_4kb_sram_sky130_dummy_array (0) disconnected node: sky130_fd_bd_sram__sram_sp_wlstrapa_15/m1_158_121r#
Cell task5_4kb_sram_sky130_dummy_array (0) disconnected node: sky130_fd_bd_sram__sram_sp_wlstrapa_p_80/m1_42_0#
Cell task5_4kb_sram_sky130_dummy_array (0) disconnected node: sky130_fd_bd_sram__sram_sp_wlstrapa_p_65/m1_42_0#
Cell task5_4kb_sram_sky130_dummy_array (0) disconnected node: sky130_fd_bd_sram__sram_sp_wlstrapa_76/m1_158_121r#
Cell task5_4kb_sram_sky130_dummy_array (0) disconnected node: sky130_fd_bd_sram__sram_sp_wlstrapa_10/m1_158_121r#
Cell task5_4kb_sram_sky130_dummy_array (0) disconnected node: sky130_fd_bd_sram__sram_sp_wlstrapa_p_40/m1_42_0#
Cell task5_4kb_sram_sky130_dummy_array (0) disconnected node: sky130_fd_bd_sram__sram_sp_wlstrapa_71/m1_158_121r#
Cell task5_4kb_sram_sky130_dummy_array (0) disconnected node: sky130_fd_bd_sram__sram_sp_wlstrapa_69/m1_158_121r#
Cell task5_4kb_sram_sky130_dummy_array (0) disconnected node: sky130_fd_bd_sram__sram_sp_wlstrapa_p_25/m1_42_0#
Cell task5_4kb_sram_sky130_dummy_array (0) disconnected node: sky130_fd_bd_sram__sram_sp_wlstrapa_p_96/m1_42_0#
Cell task5_4kb_sram_sky130_dummy_array (0) disconnected node: sky130_fd_bd_sram__sram_sp_wlstrapa_p_121/m1_42_0#
Cell task5_4kb_sram_sky130_dummy_array (0) disconnected node: sky130_fd_bd_sram__sram_sp_wlstrapa_64/m1_158_121r#
Cell task5_4kb_sram_sky130_dummy_array (0) disconnected node: sky130_fd_bd_sram__sram_sp_wlstrapa_p_106/m1_42_0#
Cell task5_4kb_sram_sky130_dummy_array (0) disconnected node: sky130_fd_bd_sram__sram_sp_wlstrapa_p_71/m1_42_0#
Cell task5_4kb_sram_sky130_dummy_array (0) disconnected node: sky130_fd_bd_sram__sram_sp_wlstrapa_p_56/m1_42_0#
Cell task5_4kb_sram_sky130_dummy_array (0) disconnected node: sky130_fd_bd_sram__sram_sp_wlstrapa_57/m1_158_121r#
Cell task5_4kb_sram_sky130_dummy_array (0) disconnected node: sky130_fd_bd_sram__sram_sp_wlstrapa_p_31/m1_42_0#
Cell task5_4kb_sram_sky130_dummy_array (0) disconnected node: sky130_fd_bd_sram__sram_sp_wlstrapa_52/m1_158_121r#
Cell task5_4kb_sram_sky130_dummy_array (0) disconnected node: sky130_fd_bd_sram__sram_sp_wlstrapa_p_16/m1_42_0#
Cell task5_4kb_sram_sky130_dummy_array (0) disconnected node: sky130_fd_bd_sram__sram_sp_wlstrapa_p_87/m1_42_0#
Cell task5_4kb_sram_sky130_dummy_array (0) disconnected node: sky130_fd_bd_sram__sram_sp_wlstrapa_p_2/m1_42_0#
Cell task5_4kb_sram_sky130_dummy_array (0) disconnected node: sky130_fd_bd_sram__sram_sp_wlstrapa_p_112/m1_42_0#
Cell task5_4kb_sram_sky130_dummy_array (0) disconnected node: sky130_fd_bd_sram__sram_sp_wlstrapa_45/m1_158_121r#
Cell task5_4kb_sram_sky130_dummy_array (0) disconnected node: sky130_fd_bd_sram__sram_sp_wlstrapa_p_62/m1_42_0#
Cell task5_4kb_sram_sky130_dummy_array (0) disconnected node: sky130_fd_bd_sram__sram_sp_wlstrapa_127/m1_158_121r#
Cell task5_4kb_sram_sky130_dummy_array (0) disconnected node: sky130_fd_bd_sram__sram_sp_wlstrapa_p_47/m1_42_0#
Cell task5_4kb_sram_sky130_dummy_array (0) disconnected node: sky130_fd_bd_sram__sram_sp_wlstrapa_40/m1_158_121r#
Cell task5_4kb_sram_sky130_dummy_array (0) disconnected node: sky130_fd_bd_sram__sram_sp_wlstrapa_38/m1_158_121r#
Cell task5_4kb_sram_sky130_dummy_array (0) disconnected node: sky130_fd_bd_sram__sram_sp_wlstrapa_122/m1_158_121r#
Cell task5_4kb_sram_sky130_dummy_array (0) disconnected node: sky130_fd_bd_sram__sram_sp_wlstrapa_p_93/m1_42_0#
Cell task5_4kb_sram_sky130_dummy_array (0) disconnected node: sky130_fd_bd_sram__sram_sp_wlstrapa_p_22/m1_42_0#
Cell task5_4kb_sram_sky130_dummy_array (0) disconnected node: sky130_fd_bd_sram__sram_sp_wlstrapa_99/m1_158_121r#
Cell task5_4kb_sram_sky130_dummy_array (0) disconnected node: sky130_fd_bd_sram__sram_sp_wlstrapa_33/m1_158_121r#
Cell task5_4kb_sram_sky130_dummy_array (0) disconnected node: sky130_fd_bd_sram__sram_sp_wlstrapa_p_78/m1_42_0#
Cell task5_4kb_sram_sky130_dummy_array (0) disconnected node: sky130_fd_bd_sram__sram_sp_wlstrapa_p_103/m1_42_0#
Cell task5_4kb_sram_sky130_dummy_array (0) disconnected node: sky130_fd_bd_sram__sram_sp_wlstrapa_115/m1_158_121r#
Cell task5_4kb_sram_sky130_dummy_array (0) disconnected node: sky130_fd_bd_sram__sram_sp_wlstrapa_94/m1_158_121r#
Cell task5_4kb_sram_sky130_dummy_array (0) disconnected node: sky130_fd_bd_sram__sram_sp_wlstrapa_26/m1_158_121r#
Cell task5_4kb_sram_sky130_dummy_array (0) disconnected node: sky130_fd_bd_sram__sram_sp_wlstrapa_p_53/m1_42_0#
Cell task5_4kb_sram_sky130_dummy_array (0) disconnected node: sky130_fd_bd_sram__sram_sp_wlstrapa_7/m1_158_121r#
Cell task5_4kb_sram_sky130_dummy_array (0) disconnected node: sky130_fd_bd_sram__sram_sp_wlstrapa_110/m1_158_121r#
Cell task5_4kb_sram_sky130_dummy_array (0) disconnected node: sky130_fd_bd_sram__sram_sp_wlstrapa_108/m1_158_121r#
Cell task5_4kb_sram_sky130_dummy_array (0) disconnected node: sky130_fd_bd_sram__sram_sp_wlstrapa_p_38/m1_42_0#
Cell task5_4kb_sram_sky130_dummy_array (0) disconnected node: sky130_fd_bd_sram__sram_sp_wlstrapa_87/m1_158_121r#
Cell task5_4kb_sram_sky130_dummy_array (0) disconnected node: sky130_fd_bd_sram__sram_sp_wlstrapa_21/m1_158_121r#
Cell task5_4kb_sram_sky130_dummy_array (0) disconnected node: sky130_fd_bd_sram__sram_sp_wlstrapa_19/m1_158_121r#
Cell task5_4kb_sram_sky130_dummy_array (0) disconnected node: sky130_fd_bd_sram__sram_sp_wlstrapa_2/m1_158_121r#
Cell task5_4kb_sram_sky130_dummy_array (0) disconnected node: sky130_fd_bd_sram__sram_sp_wlstrapa_p_9/m1_42_0#
Cell task5_4kb_sram_sky130_dummy_array (0) disconnected node: sky130_fd_bd_sram__sram_sp_wlstrapa_p_119/m1_42_0#
Cell task5_4kb_sram_sky130_dummy_array (0) disconnected node: sky130_fd_bd_sram__sram_sp_wlstrapa_103/m1_158_121r#
Cell task5_4kb_sram_sky130_dummy_array (0) disconnected node: sky130_fd_bd_sram__sram_sp_wlstrapa_p_84/m1_42_0#
Cell task5_4kb_sram_sky130_dummy_array (0) disconnected node: sky130_fd_bd_sram__sram_sp_wlstrapa_p_13/m1_42_0#
Cell task5_4kb_sram_sky130_dummy_array (0) disconnected node: sky130_fd_bd_sram__sram_sp_wlstrapa_82/m1_158_121r#
Cell task5_4kb_sram_sky130_dummy_array (0) disconnected node: sky130_fd_bd_sram__sram_sp_wlstrapa_14/m1_158_121r#
Cell task5_4kb_sram_sky130_dummy_array (0) disconnected node: sky130_fd_bd_sram__sram_sp_wlstrapa_p_69/m1_42_0#
Cell task5_4kb_sram_sky130_dummy_array (0) disconnected node: sky130_fd_bd_sram__sram_sp_wlstrapa_75/m1_158_121r#
Cell task5_4kb_sram_sky130_dummy_array (0) disconnected node: sky130_fd_bd_sram__sram_sp_wlstrapa_p_44/m1_42_0#
Cell task5_4kb_sram_sky130_dummy_array (0) disconnected node: sky130_fd_bd_sram__sram_sp_wlstrapa_70/m1_158_121r#
Cell task5_4kb_sram_sky130_dummy_array (0) disconnected node: sky130_fd_bd_sram__sram_sp_wlstrapa_p_29/m1_42_0#
Cell task5_4kb_sram_sky130_dummy_array (0) disconnected node: sky130_fd_bd_sram__sram_sp_wlstrapa_68/m1_158_121r#
Cell task5_4kb_sram_sky130_dummy_array (0) disconnected node: sky130_fd_bd_sram__sram_sp_wlstrapa_p_125/m1_42_0#
Cell task5_4kb_sram_sky130_dummy_array (0) disconnected node: sky130_fd_bd_sram__sram_sp_wlstrapa_p_90/m1_42_0#
Cell task5_4kb_sram_sky130_dummy_array (0) disconnected node: sky130_fd_bd_sram__sram_sp_wlstrapa_p_75/m1_42_0#
Cell task5_4kb_sram_sky130_dummy_array (0) disconnected node: sky130_fd_bd_sram__sram_sp_wlstrapa_63/m1_158_121r#
Cell task5_4kb_sram_sky130_dummy_array (0) disconnected node: sky130_fd_bd_sram__sram_sp_wlstrapa_p_100/m1_42_0#
Cell task5_4kb_sram_sky130_dummy_array (0) disconnected node: sky130_fd_bd_sram__sram_sp_wlstrapa_p_50/m1_42_0#
Cell task5_4kb_sram_sky130_dummy_array (0) disconnected node: sky130_fd_bd_sram__sram_sp_wlstrapa_56/m1_158_121r#
Cell task5_4kb_sram_sky130_dummy_array (0) disconnected node: sky130_fd_bd_sram__sram_sp_wlstrapa_p_35/m1_42_0#
Subcircuit summary:
Circuit 1: task5_4kb_sram_sky130_dummy_arr |Circuit 2: task5_4kb_sram_sky130_dummy_arr 
-------------------------------------------|-------------------------------------------
sky130_fd_pr__special_pfet_pass (1028)     |sky130_fd_pr__special_pfet_pass (1028)     
sky130_fd_pr__special_nfet_latch (514)     |sky130_fd_pr__special_nfet_latch (514)     
sky130_fd_pr__special_nfet_pass (514)      |sky130_fd_pr__special_nfet_pass (514)      
Number of devices: 2056                    |Number of devices: 2056                    
Number of nets: 2061 **Mismatch**          |Number of nets: 2059 **Mismatch**          
---------------------------------------------------------------------------------------
NET mismatches: Class fragments follow (with fanout counts):
Circuit 1: task5_4kb_sram_sky130_dummy_arr |Circuit 2: task5_4kb_sram_sky130_dummy_arr 

---------------------------------------------------------------------------------------
Net: gnd                                   |Net: gnd                                   
  sky130_fd_pr__special_nfet_latch/(1|3) = |  sky130_fd_pr__special_nfet_latch/(1|3) = 
                                           |  sky130_fd_pr__special_nfet_pass/4 = 514  
                                           |  sky130_fd_pr__special_nfet_latch/4 = 514 
                                           |                                           
Net: vdd                                   |Net: vdd                                   
  sky130_fd_pr__special_pfet_pass/(1|3) =  |  sky130_fd_pr__special_pfet_pass/(1|3) =  
                                           |  sky130_fd_pr__special_pfet_pass/4 = 1028 
                                           |                                           
Net: vdd_uq512                             |(no matching net)                          
  sky130_fd_pr__special_pfet_pass/4 = 1028 |                                           
                                           |                                           
Net: VSUBS                                 |(no matching net)                          
  sky130_fd_pr__special_nfet_latch/4 = 514 |                                           
  sky130_fd_pr__special_nfet_pass/4 = 514  |                                           
---------------------------------------------------------------------------------------
Netlists do not match.
Port matching may fail to disambiguate symmetries.
  Flattening non-matched subcircuits task5_4kb_sram_sky130_dummy_array task5_4kb_sram_sky130_dummy_array
Flattening unmatched subcell sky130_fd_bd_sram__sram_sp_wlstrap in circuit task5_4kb_sram_sky130_bitcell_array (1)(8320 instances)
Flattening unmatched subcell sky130_fd_bd_sram__sram_sp_wlstrap_p in circuit task5_4kb_sram_sky130_bitcell_array (1)(8320 instances)
Flattening unmatched subcell sky130_fd_bd_sram__sram_sp_wlstrapa in circuit task5_4kb_sram_sky130_bitcell_array (1)(8192 instances)
Flattening unmatched subcell sky130_fd_bd_sram__sram_sp_wlstrapa_p in circuit task5_4kb_sram_sky130_bitcell_array (1)(8192 instances)

Cell task5_4kb_sram_sky130_bitcell_array (0) disconnected node: sky130_fd_bd_sram__sram_sp_wlstrap_894/m1_158_121r#
Cell task5_4kb_sram_sky130_bitcell_array (0) disconnected node: sky130_fd_bd_sram__sram_sp_wlstrap_889/m1_158_121r#
Cell task5_4kb_sram_sky130_bitcell_array (0) disconnected node: sky130_fd_bd_sram__sram_sp_wlstrap_882/m1_158_121r#
Cell task5_4kb_sram_sky130_bitcell_array (0) disconnected node: sky130_fd_bd_sram__sram_sp_wlstrap_p_78/m1_42_0#
Cell task5_4kb_sram_sky130_bitcell_array (0) disconnected node: sky130_fd_bd_sram__sram_sp_wlstrap_p_38/m1_42_0#
Cell task5_4kb_sram_sky130_bitcell_array (0) disconnected node: sky130_fd_bd_sram__sram_sp_wlstrap_p_0/m1_42_0#
Cell task5_4kb_sram_sky130_bitcell_array (0) disconnected node: sky130_fd_bd_sram__sram_sp_wlstrap_74/m1_158_121r#
Cell task5_4kb_sram_sky130_bitcell_array (0) disconnected node: sky130_fd_bd_sram__sram_sp_wlstrap_p_69/m1_42_0#
Cell task5_4kb_sram_sky130_bitcell_array (0) disconnected node: sky130_fd_bd_sram__sram_sp_wlstrap_p_996/m1_42_0#
Cell task5_4kb_sram_sky130_bitcell_array (0) disconnected node: sky130_fd_bd_sram__sram_sp_wlstrap_67/m1_158_121r#
Cell task5_4kb_sram_sky130_bitcell_array (0) disconnected node: sky130_fd_bd_sram__sram_sp_wlstrap_p_29/m1_42_0#
Cell task5_4kb_sram_sky130_bitcell_array (0) disconnected node: sky130_fd_bd_sram__sram_sp_wlstrap_62/m1_158_121r#
Cell task5_4kb_sram_sky130_bitcell_array (0) disconnected node: sky130_fd_bd_sram__sram_sp_wlstrap_55/m1_158_121r#
Cell task5_4kb_sram_sky130_bitcell_array (0) disconnected node: sky130_fd_bd_sram__sram_sp_wlstrap_p_878/m1_42_0#
Cell task5_4kb_sram_sky130_bitcell_array (0) disconnected node: sky130_fd_bd_sram__sram_sp_wlstrap_893/m1_158_121r#
Cell task5_4kb_sram_sky130_bitcell_array (0) disconnected node: sky130_fd_bd_sram__sram_sp_wlstrap_50/m1_158_121r#
Cell task5_4kb_sram_sky130_bitcell_array (0) disconnected node: sky130_fd_bd_sram__sram_sp_wlstrap_p_7/m1_42_0#
Cell task5_4kb_sram_sky130_bitcell_array (0) disconnected node: sky130_fd_bd_sram__sram_sp_wlstrap_888/m1_158_121r#
Cell task5_4kb_sram_sky130_bitcell_array (0) disconnected node: sky130_fd_bd_sram__sram_sp_wlstrap_43/m1_158_121r#
Cell task5_4kb_sram_sky130_bitcell_array (0) disconnected node: sky130_fd_bd_sram__sram_sp_wlstrap_p_875/m1_42_0#
Cell task5_4kb_sram_sky130_bitcell_array (0) disconnected node: sky130_fd_bd_sram__sram_sp_wlstrap_p_66/m1_42_0#
Cell task5_4kb_sram_sky130_bitcell_array (0) disconnected node: sky130_fd_bd_sram__sram_sp_wlstrap_p_894/m1_42_0#
Cell task5_4kb_sram_sky130_bitcell_array (0) disconnected node: sky130_fd_bd_sram__sram_sp_wlstrap_49/m1_158_121r#
Cell task5_4kb_sram_sky130_bitcell_array (0) disconnected node: sky130_fd_bd_sram__sram_sp_wlstrap_881/m1_158_121r#
Cell task5_4kb_sram_sky130_bitcell_array (0) disconnected node: sky130_fd_bd_sram__sram_sp_wlstrap_36/m1_158_121r#
Cell task5_4kb_sram_sky130_bitcell_array (0) disconnected node: sky130_fd_bd_sram__sram_sp_wlstrap_p_41/m1_42_0#
Cell task5_4kb_sram_sky130_bitcell_array (0) disconnected node: sky130_fd_bd_sram__sram_sp_wlstrap_97/m1_158_121r#
Cell task5_4kb_sram_sky130_bitcell_array (0) disconnected node: sky130_fd_bd_sram__sram_sp_wlstrap_p_26/m1_42_0#
Cell task5_4kb_sram_sky130_bitcell_array (0) disconnected node: sky130_fd_bd_sram__sram_sp_wlstrap_p_97/m1_42_0#
Cell task5_4kb_sram_sky130_bitcell_array (0) disconnected node: sky130_fd_bd_sram__sram_sp_wlstrap_31/m1_158_121r#
Cell task5_4kb_sram_sky130_bitcell_array (0) disconnected node: sky130_fd_bd_sram__sram_sp_wlstrap_92/m1_158_121r#
Cell task5_4kb_sram_sky130_bitcell_array (0) disconnected node: sky130_fd_bd_sram__sram_sp_wlstrap_p_72/m1_42_0#
Cell task5_4kb_sram_sky130_bitcell_array (0) disconnected node: sky130_fd_bd_sram__sram_sp_wlstrap_24/m1_158_121r#
Cell task5_4kb_sram_sky130_bitcell_array (0) disconnected node: sky130_fd_bd_sram__sram_sp_wlstrap_98/m1_158_121r#
Cell task5_4kb_sram_sky130_bitcell_array (0) disconnected node: sky130_fd_bd_sram__sram_sp_wlstrap_p_57/m1_42_0#
Cell task5_4kb_sram_sky130_bitcell_array (0) disconnected node: sky130_fd_bd_sram__sram_sp_wlstrap_p_885/m1_42_0#
Cell task5_4kb_sram_sky130_bitcell_array (0) disconnected node: sky130_fd_bd_sram__sram_sp_wlstrap_85/m1_158_121r#
Cell task5_4kb_sram_sky130_bitcell_array (0) disconnected node: sky130_fd_bd_sram__sram_sp_wlstrap_17/m1_158_121r#
Cell task5_4kb_sram_sky130_bitcell_array (0) disconnected node: sky130_fd_bd_sram__sram_sp_wlstrap_p_32/m1_42_0#
Cell task5_4kb_sram_sky130_bitcell_array (0) disconnected node: sky130_fd_bd_sram__sram_sp_wlstrap_p_4/m1_42_0#
Cell task5_4kb_sram_sky130_bitcell_array (0) disconnected node: sky130_fd_bd_sram__sram_sp_wlstrap_80/m1_158_121r#
Cell task5_4kb_sram_sky130_bitcell_array (0) disconnected node: sky130_fd_bd_sram__sram_sp_wlstrap_p_17/m1_42_0#
Cell task5_4kb_sram_sky130_bitcell_array (0) disconnected node: sky130_fd_bd_sram__sram_sp_wlstrap_p_88/m1_42_0#
Cell task5_4kb_sram_sky130_bitcell_array (0) disconnected node: sky130_fd_bd_sram__sram_sp_wlstrap_12/m1_158_121r#
Cell task5_4kb_sram_sky130_bitcell_array (0) disconnected node: sky130_fd_bd_sram__sram_sp_wlstrap_p_872/m1_42_0#
Cell task5_4kb_sram_sky130_bitcell_array (0) disconnected node: sky130_fd_bd_sram__sram_sp_wlstrap_18/m1_158_121r#
Cell task5_4kb_sram_sky130_bitcell_array (0) disconnected node: sky130_fd_bd_sram__sram_sp_wlstrap_73/m1_158_121r#
Cell task5_4kb_sram_sky130_bitcell_array (0) disconnected node: sky130_fd_bd_sram__sram_sp_wlstrap_p_63/m1_42_0#
Cell task5_4kb_sram_sky130_bitcell_array (0) disconnected node: sky130_fd_bd_sram__sram_sp_wlstrap_p_891/m1_42_0#
Cell task5_4kb_sram_sky130_bitcell_array (0) disconnected node: sky130_fd_bd_sram__sram_sp_wlstrap_79/m1_158_121r#
Cell task5_4kb_sram_sky130_bitcell_array (0) disconnected node: sky130_fd_bd_sram__sram_sp_wlstrap_p_48/m1_42_0#
Cell task5_4kb_sram_sky130_bitcell_array (0) disconnected node: sky130_fd_bd_sram__sram_sp_wlstrap_66/m1_158_121r#
Cell task5_4kb_sram_sky130_bitcell_array (0) disconnected node: sky130_fd_bd_sram__sram_sp_wlstrap_p_23/m1_42_0#
Cell task5_4kb_sram_sky130_bitcell_array (0) disconnected node: sky130_fd_bd_sram__sram_sp_wlstrap_p_94/m1_42_0#
Cell task5_4kb_sram_sky130_bitcell_array (0) disconnected node: sky130_fd_bd_sram__sram_sp_wlstrap_61/m1_158_121r#
Cell task5_4kb_sram_sky130_bitcell_array (0) disconnected node: sky130_fd_bd_sram__sram_sp_wlstrap_p_79/m1_42_0#
Cell task5_4kb_sram_sky130_bitcell_array (0) disconnected node: sky130_fd_bd_sram__sram_sp_wlstrap_887/m1_158_121r#
Cell task5_4kb_sram_sky130_bitcell_array (0) disconnected node: sky130_fd_bd_sram__sram_sp_wlstrap_54/m1_158_121r#
Cell task5_4kb_sram_sky130_bitcell_array (0) disconnected node: sky130_fd_bd_sram__sram_sp_wlstrap_6/m1_158_121r#
Cell task5_4kb_sram_sky130_bitcell_array (0) disconnected node: sky130_fd_bd_sram__sram_sp_wlstrap_p_54/m1_42_0#
Cell task5_4kb_sram_sky130_bitcell_array (0) disconnected node: sky130_fd_bd_sram__sram_sp_wlstrap_p_882/m1_42_0#
Cell task5_4kb_sram_sky130_bitcell_array (0) disconnected node: sky130_fd_bd_sram__sram_sp_wlstrap_p_39/m1_42_0#
Cell task5_4kb_sram_sky130_bitcell_array (0) disconnected node: sky130_fd_bd_sram__sram_sp_wlstrap_892/m1_158_121r#
Cell task5_4kb_sram_sky130_bitcell_array (0) disconnected node: sky130_fd_bd_sram__sram_sp_wlstrap_1/m1_158_121r#
Cell task5_4kb_sram_sky130_bitcell_array (0) disconnected node: sky130_fd_bd_sram__sram_sp_wlstrap_47/m1_158_121r#
Cell task5_4kb_sram_sky130_bitcell_array (0) disconnected node: sky130_fd_bd_sram__sram_sp_wlstrap_p_1/m1_42_0#
Cell task5_4kb_sram_sky130_bitcell_array (0) disconnected node: sky130_fd_bd_sram__sram_sp_wlstrap_p_14/m1_42_0#
Cell task5_4kb_sram_sky130_bitcell_array (0) disconnected node: sky130_fd_bd_sram__sram_sp_wlstrap_p_85/m1_42_0#
Cell task5_4kb_sram_sky130_bitcell_array (0) disconnected node: sky130_fd_bd_sram__sram_sp_wlstrap_885/m1_158_121r#
Cell task5_4kb_sram_sky130_bitcell_array (0) disconnected node: sky130_fd_bd_sram__sram_sp_wlstrap_42/m1_158_121r#
Cell task5_4kb_sram_sky130_bitcell_array (0) disconnected node: sky130_fd_bd_sram__sram_sp_wlstrap_p_997/m1_42_0#
Cell task5_4kb_sram_sky130_bitcell_array (0) disconnected node: sky130_fd_bd_sram__sram_sp_wlstrap_p_876/m1_42_0#
Cell task5_4kb_sram_sky130_bitcell_array (0) disconnected node: sky130_fd_bd_sram__sram_sp_wlstrap_48/m1_158_121r#
Cell task5_4kb_sram_sky130_bitcell_array (0) disconnected node: sky130_fd_bd_sram__sram_sp_wlstrap_p_60/m1_42_0#
Cell task5_4kb_sram_sky130_bitcell_array (0) disconnected node: sky130_fd_bd_sram__sram_sp_wlstrap_p_888/m1_42_0#
Cell task5_4kb_sram_sky130_bitcell_array (0) disconnected node: sky130_fd_bd_sram__sram_sp_wlstrap_880/m1_158_121r#
Cell task5_4kb_sram_sky130_bitcell_array (0) disconnected node: sky130_fd_bd_sram__sram_sp_wlstrap_p_45/m1_42_0#
Cell task5_4kb_sram_sky130_bitcell_array (0) disconnected node: sky130_fd_bd_sram__sram_sp_wlstrap_35/m1_158_121r#
Cell task5_4kb_sram_sky130_bitcell_array (0) disconnected node: sky130_fd_bd_sram__sram_sp_wlstrap_875/m1_158_121r#
Cell task5_4kb_sram_sky130_bitcell_array (0) disconnected node: sky130_fd_bd_sram__sram_sp_wlstrap_96/m1_158_121r#
Cell task5_4kb_sram_sky130_bitcell_array (0) disconnected node: sky130_fd_bd_sram__sram_sp_wlstrap_p_20/m1_42_0#
Cell task5_4kb_sram_sky130_bitcell_array (0) disconnected node: sky130_fd_bd_sram__sram_sp_wlstrap_30/m1_158_121r#
Cell task5_4kb_sram_sky130_bitcell_array (0) disconnected node: sky130_fd_bd_sram__sram_sp_wlstrap_p_91/m1_42_0#
Cell task5_4kb_sram_sky130_bitcell_array (0) disconnected node: sky130_fd_bd_sram__sram_sp_wlstrap_998/m1_158_121r#
Cell task5_4kb_sram_sky130_bitcell_array (0) disconnected node: sky130_fd_bd_sram__sram_sp_wlstrap_p_76/m1_42_0#
Cell task5_4kb_sram_sky130_bitcell_array (0) disconnected node: sky130_fd_bd_sram__sram_sp_wlstrap_91/m1_158_121r#
Cell task5_4kb_sram_sky130_bitcell_array (0) disconnected node: sky130_fd_bd_sram__sram_sp_wlstrap_23/m1_158_121r#
Cell task5_4kb_sram_sky130_bitcell_array (0) disconnected node: sky130_fd_bd_sram__sram_sp_wlstrap_p_51/m1_42_0#
Cell task5_4kb_sram_sky130_bitcell_array (0) disconnected node: sky130_fd_bd_sram__sram_sp_wlstrap_p_879/m1_42_0#
Cell task5_4kb_sram_sky130_bitcell_array (0) disconnected node: sky130_fd_bd_sram__sram_sp_wlstrap_29/m1_158_121r#
Cell task5_4kb_sram_sky130_bitcell_array (0) disconnected node: sky130_fd_bd_sram__sram_sp_wlstrap_84/m1_158_121r#
Cell task5_4kb_sram_sky130_bitcell_array (0) disconnected node: sky130_fd_bd_sram__sram_sp_wlstrap_p_36/m1_42_0#
Cell task5_4kb_sram_sky130_bitcell_array (0) disconnected node: sky130_fd_bd_sram__sram_sp_wlstrap_16/m1_158_121r#
Cell task5_4kb_sram_sky130_bitcell_array (0) disconnected node: sky130_fd_bd_sram__sram_sp_wlstrap_p_8/m1_42_0#
Cell task5_4kb_sram_sky130_bitcell_array (0) disconnected node: sky130_fd_bd_sram__sram_sp_wlstrap_77/m1_158_121r#
Cell task5_4kb_sram_sky130_bitcell_array (0) disconnected node: sky130_fd_bd_sram__sram_sp_wlstrap_p_11/m1_42_0#
Cell task5_4kb_sram_sky130_bitcell_array (0) disconnected node: sky130_fd_bd_sram__sram_sp_wlstrap_p_82/m1_42_0#
Cell task5_4kb_sram_sky130_bitcell_array (0) disconnected node: sky130_fd_bd_sram__sram_sp_wlstrap_11/m1_158_121r#
Cell task5_4kb_sram_sky130_bitcell_array (0) disconnected node: sky130_fd_bd_sram__sram_sp_wlstrap_p_67/m1_42_0#
Cell task5_4kb_sram_sky130_bitcell_array (0) disconnected node: sky130_fd_bd_sram__sram_sp_wlstrap_p_895/m1_42_0#
Cell task5_4kb_sram_sky130_bitcell_array (0) disconnected node: sky130_fd_bd_sram__sram_sp_wlstrap_72/m1_158_121r#
Cell task5_4kb_sram_sky130_bitcell_array (0) disconnected node: sky130_fd_bd_sram__sram_sp_wlstrap_78/m1_158_121r#
Cell task5_4kb_sram_sky130_bitcell_array (0) disconnected node: sky130_fd_bd_sram__sram_sp_wlstrap_p_42/m1_42_0#
Cell task5_4kb_sram_sky130_bitcell_array (0) disconnected node: sky130_fd_bd_sram__sram_sp_wlstrap_65/m1_158_121r#
Cell task5_4kb_sram_sky130_bitcell_array (0) disconnected node: sky130_fd_bd_sram__sram_sp_wlstrap_p_27/m1_42_0#
Cell task5_4kb_sram_sky130_bitcell_array (0) disconnected node: sky130_fd_bd_sram__sram_sp_wlstrap_p_98/m1_42_0#
Cell task5_4kb_sram_sky130_bitcell_array (0) disconnected node: sky130_fd_bd_sram__sram_sp_wlstrap_60/m1_158_121r#
Cell task5_4kb_sram_sky130_bitcell_array (0) disconnected node: sky130_fd_bd_sram__sram_sp_wlstrap_p_73/m1_42_0#
Cell task5_4kb_sram_sky130_bitcell_array (0) disconnected node: sky130_fd_bd_sram__sram_sp_wlstrap_p_58/m1_42_0#
Cell task5_4kb_sram_sky130_bitcell_array (0) disconnected node: sky130_fd_bd_sram__sram_sp_wlstrap_886/m1_158_121r#
Cell task5_4kb_sram_sky130_bitcell_array (0) disconnected node: sky130_fd_bd_sram__sram_sp_wlstrap_53/m1_158_121r#
Cell task5_4kb_sram_sky130_bitcell_array (0) disconnected node: sky130_fd_bd_sram__sram_sp_wlstrap_5/m1_158_121r#
Cell task5_4kb_sram_sky130_bitcell_array (0) disconnected node: sky130_fd_bd_sram__sram_sp_wlstrap_59/m1_158_121r#
Cell task5_4kb_sram_sky130_bitcell_array (0) disconnected node: sky130_fd_bd_sram__sram_sp_wlstrap_p_33/m1_42_0#
Cell task5_4kb_sram_sky130_bitcell_array (0) disconnected node: sky130_fd_bd_sram__sram_sp_wlstrap_891/m1_158_121r#
Cell task5_4kb_sram_sky130_bitcell_array (0) disconnected node: sky130_fd_bd_sram__sram_sp_wlstrap_0/m1_158_121r#
Cell task5_4kb_sram_sky130_bitcell_array (0) disconnected node: sky130_fd_bd_sram__sram_sp_wlstrap_p_5/m1_42_0#
Cell task5_4kb_sram_sky130_bitcell_array (0) disconnected node: sky130_fd_bd_sram__sram_sp_wlstrap_46/m1_158_121r#
Cell task5_4kb_sram_sky130_bitcell_array (0) disconnected node: sky130_fd_bd_sram__sram_sp_wlstrap_p_18/m1_42_0#
Cell task5_4kb_sram_sky130_bitcell_array (0) disconnected node: sky130_fd_bd_sram__sram_sp_wlstrap_p_89/m1_42_0#
Cell task5_4kb_sram_sky130_bitcell_array (0) disconnected node: sky130_fd_bd_sram__sram_sp_wlstrap_p_873/m1_42_0#
Cell task5_4kb_sram_sky130_bitcell_array (0) disconnected node: sky130_fd_bd_sram__sram_sp_wlstrap_884/m1_158_121r#
Cell task5_4kb_sram_sky130_bitcell_array (0) disconnected node: sky130_fd_bd_sram__sram_sp_wlstrap_41/m1_158_121r#
Cell task5_4kb_sram_sky130_bitcell_array (0) disconnected node: sky130_fd_bd_sram__sram_sp_wlstrap_p_64/m1_42_0#
Cell task5_4kb_sram_sky130_bitcell_array (0) disconnected node: sky130_fd_bd_sram__sram_sp_wlstrap_p_892/m1_42_0#
Cell task5_4kb_sram_sky130_bitcell_array (0) disconnected node: sky130_fd_bd_sram__sram_sp_wlstrap_p_49/m1_42_0#
Cell task5_4kb_sram_sky130_bitcell_array (0) disconnected node: sky130_fd_bd_sram__sram_sp_wlstrap_879/m1_158_121r#
Cell task5_4kb_sram_sky130_bitcell_array (0) disconnected node: sky130_fd_bd_sram__sram_sp_wlstrap_877/m1_158_121r#
Cell task5_4kb_sram_sky130_bitcell_array (0) disconnected node: sky130_fd_bd_sram__sram_sp_wlstrap_34/m1_158_121r#
Cell task5_4kb_sram_sky130_bitcell_array (0) disconnected node: sky130_fd_bd_sram__sram_sp_wlstrap_874/m1_158_121r#
Cell task5_4kb_sram_sky130_bitcell_array (0) disconnected node: sky130_fd_bd_sram__sram_sp_wlstrap_8/m1_158_121r#
Cell task5_4kb_sram_sky130_bitcell_array (0) disconnected node: sky130_fd_bd_sram__sram_sp_wlstrap_p_24/m1_42_0#
Cell task5_4kb_sram_sky130_bitcell_array (0) disconnected node: sky130_fd_bd_sram__sram_sp_wlstrap_p_95/m1_42_0#
Cell task5_4kb_sram_sky130_bitcell_array (0) disconnected node: sky130_fd_bd_sram__sram_sp_wlstrap_95/m1_158_121r#
Cell task5_4kb_sram_sky130_bitcell_array (0) disconnected node: sky130_fd_bd_sram__sram_sp_wlstrap_872/m1_158_121r#
Cell task5_4kb_sram_sky130_bitcell_array (0) disconnected node: sky130_fd_bd_sram__sram_sp_wlstrap_27/m1_158_121r#
Cell task5_4kb_sram_sky130_bitcell_array (0) disconnected node: sky130_fd_bd_sram__sram_sp_wlstrap_p_40/m1_42_0#
Cell task5_4kb_sram_sky130_bitcell_array (0) disconnected node: sky130_fd_bd_sram__sram_sp_wlstrap_997/m1_158_121r#
Cell task5_4kb_sram_sky130_bitcell_array (0) disconnected node: sky130_fd_bd_sram__sram_sp_wlstrap_3/m1_158_121r#
Cell task5_4kb_sram_sky130_bitcell_array (0) disconnected node: sky130_fd_bd_sram__sram_sp_wlstrap_p_886/m1_42_0#
Cell task5_4kb_sram_sky130_bitcell_array (0) disconnected node: sky130_fd_bd_sram__sram_sp_wlstrap_p_70/m1_42_0#
Cell task5_4kb_sram_sky130_bitcell_array (0) disconnected node: sky130_fd_bd_sram__sram_sp_wlstrap_90/m1_158_121r#
Cell task5_4kb_sram_sky130_bitcell_array (0) disconnected node: sky130_fd_bd_sram__sram_sp_wlstrap_p_25/m1_42_0#
Cell task5_4kb_sram_sky130_bitcell_array (0) disconnected node: sky130_fd_bd_sram__sram_sp_wlstrap_p_96/m1_42_0#
Cell task5_4kb_sram_sky130_bitcell_array (0) disconnected node: sky130_fd_bd_sram__sram_sp_wlstrap_22/m1_158_121r#
Cell task5_4kb_sram_sky130_bitcell_array (0) disconnected node: sky130_fd_bd_sram__sram_sp_wlstrap_p_55/m1_42_0#
Cell task5_4kb_sram_sky130_bitcell_array (0) disconnected node: sky130_fd_bd_sram__sram_sp_wlstrap_p_883/m1_42_0#
Cell task5_4kb_sram_sky130_bitcell_array (0) disconnected node: sky130_fd_bd_sram__sram_sp_wlstrap_28/m1_158_121r#
Cell task5_4kb_sram_sky130_bitcell_array (0) disconnected node: sky130_fd_bd_sram__sram_sp_wlstrap_p_71/m1_42_0#
Cell task5_4kb_sram_sky130_bitcell_array (0) disconnected node: sky130_fd_bd_sram__sram_sp_wlstrap_83/m1_158_121r#
Cell task5_4kb_sram_sky130_bitcell_array (0) disconnected node: sky130_fd_bd_sram__sram_sp_wlstrap_p_30/m1_42_0#
Cell task5_4kb_sram_sky130_bitcell_array (0) disconnected node: sky130_fd_bd_sram__sram_sp_wlstrap_15/m1_158_121r#
Cell task5_4kb_sram_sky130_bitcell_array (0) disconnected node: sky130_fd_bd_sram__sram_sp_wlstrap_89/m1_158_121r#
Cell task5_4kb_sram_sky130_bitcell_array (0) disconnected node: sky130_fd_bd_sram__sram_sp_wlstrap_p_56/m1_42_0#
Cell task5_4kb_sram_sky130_bitcell_array (0) disconnected node: sky130_fd_bd_sram__sram_sp_wlstrap_p_2/m1_42_0#
Cell task5_4kb_sram_sky130_bitcell_array (0) disconnected node: sky130_fd_bd_sram__sram_sp_wlstrap_p_15/m1_42_0#
Cell task5_4kb_sram_sky130_bitcell_array (0) disconnected node: sky130_fd_bd_sram__sram_sp_wlstrap_p_86/m1_42_0#
Cell task5_4kb_sram_sky130_bitcell_array (0) disconnected node: sky130_fd_bd_sram__sram_sp_wlstrap_76/m1_158_121r#
Cell task5_4kb_sram_sky130_bitcell_array (0) disconnected node: sky130_fd_bd_sram__sram_sp_wlstrap_10/m1_158_121r#
Cell task5_4kb_sram_sky130_bitcell_array (0) disconnected node: sky130_fd_bd_sram__sram_sp_wlstrap_p_31/m1_42_0#
Cell task5_4kb_sram_sky130_bitcell_array (0) disconnected node: sky130_fd_bd_sram__sram_sp_wlstrap_p_998/m1_42_0#
Cell task5_4kb_sram_sky130_bitcell_array (0) disconnected node: sky130_fd_bd_sram__sram_sp_wlstrap_p_877/m1_42_0#
Cell task5_4kb_sram_sky130_bitcell_array (0) disconnected node: sky130_fd_bd_sram__sram_sp_wlstrap_p_61/m1_42_0#
Cell task5_4kb_sram_sky130_bitcell_array (0) disconnected node: sky130_fd_bd_sram__sram_sp_wlstrap_p_889/m1_42_0#
Cell task5_4kb_sram_sky130_bitcell_array (0) disconnected node: sky130_fd_bd_sram__sram_sp_wlstrap_p_16/m1_42_0#
Cell task5_4kb_sram_sky130_bitcell_array (0) disconnected node: sky130_fd_bd_sram__sram_sp_wlstrap_p_87/m1_42_0#
Cell task5_4kb_sram_sky130_bitcell_array (0) disconnected node: sky130_fd_bd_sram__sram_sp_wlstrap_71/m1_158_121r#
Cell task5_4kb_sram_sky130_bitcell_array (0) disconnected node: sky130_fd_bd_sram__sram_sp_wlstrap_69/m1_158_121r#
Cell task5_4kb_sram_sky130_bitcell_array (0) disconnected node: sky130_fd_bd_sram__sram_sp_wlstrap_p_46/m1_42_0#
Cell task5_4kb_sram_sky130_bitcell_array (0) disconnected node: sky130_fd_bd_sram__sram_sp_wlstrap_9/m1_158_121r#
Cell task5_4kb_sram_sky130_bitcell_array (0) disconnected node: sky130_fd_bd_sram__sram_sp_wlstrap_p_62/m1_42_0#
Cell task5_4kb_sram_sky130_bitcell_array (0) disconnected node: sky130_fd_bd_sram__sram_sp_wlstrap_64/m1_158_121r#
Cell task5_4kb_sram_sky130_bitcell_array (0) disconnected node: sky130_fd_bd_sram__sram_sp_wlstrap_p_21/m1_42_0#
Cell task5_4kb_sram_sky130_bitcell_array (0) disconnected node: sky130_fd_bd_sram__sram_sp_wlstrap_p_92/m1_42_0#
Cell task5_4kb_sram_sky130_bitcell_array (0) disconnected node: sky130_fd_bd_sram__sram_sp_wlstrap_p_47/m1_42_0#
Cell task5_4kb_sram_sky130_bitcell_array (0) disconnected node: sky130_fd_bd_sram__sram_sp_wlstrap_p_77/m1_42_0#
Cell task5_4kb_sram_sky130_bitcell_array (0) disconnected node: sky130_fd_bd_sram__sram_sp_wlstrap_57/m1_158_121r#
Cell task5_4kb_sram_sky130_bitcell_array (0) disconnected node: sky130_fd_bd_sram__sram_sp_wlstrap_p_22/m1_42_0#
Cell task5_4kb_sram_sky130_bitcell_array (0) disconnected node: sky130_fd_bd_sram__sram_sp_wlstrap_p_93/m1_42_0#
Cell task5_4kb_sram_sky130_bitcell_array (0) disconnected node: sky130_fd_bd_sram__sram_sp_wlstrap_63/m1_158_121r#
Cell task5_4kb_sram_sky130_bitcell_array (0) disconnected node: sky130_fd_bd_sram__sram_sp_wlstrap_p_52/m1_42_0#
Cell task5_4kb_sram_sky130_bitcell_array (0) disconnected node: sky130_fd_bd_sram__sram_sp_wlstrap_p_880/m1_42_0#
Cell task5_4kb_sram_sky130_bitcell_array (0) disconnected node: sky130_fd_bd_sram__sram_sp_wlstrap_895/m1_158_121r#
Cell task5_4kb_sram_sky130_bitcell_array (0) disconnected node: sky130_fd_bd_sram__sram_sp_wlstrap_52/m1_158_121r#
Cell task5_4kb_sram_sky130_bitcell_array (0) disconnected node: sky130_fd_bd_sram__sram_sp_wlstrap_4/m1_158_121r#
Cell task5_4kb_sram_sky130_bitcell_array (0) disconnected node: sky130_fd_bd_sram__sram_sp_wlstrap_p_37/m1_42_0#
Cell task5_4kb_sram_sky130_bitcell_array (0) disconnected node: sky130_fd_bd_sram__sram_sp_wlstrap_58/m1_158_121r#
Cell task5_4kb_sram_sky130_bitcell_array (0) disconnected node: sky130_fd_bd_sram__sram_sp_wlstrap_56/m1_158_121r#
Cell task5_4kb_sram_sky130_bitcell_array (0) disconnected node: sky130_fd_bd_sram__sram_sp_wlstrap_p_9/m1_42_0#
Cell task5_4kb_sram_sky130_bitcell_array (0) disconnected node: sky130_fd_bd_sram__sram_sp_wlstrap_890/m1_158_121r#
Cell task5_4kb_sram_sky130_bitcell_array (0) disconnected node: sky130_fd_bd_sram__sram_sp_wlstrap_p_53/m1_42_0#
Cell task5_4kb_sram_sky130_bitcell_array (0) disconnected node: sky130_fd_bd_sram__sram_sp_wlstrap_45/m1_158_121r#
Cell task5_4kb_sram_sky130_bitcell_array (0) disconnected node: sky130_fd_bd_sram__sram_sp_wlstrap_p_12/m1_42_0#
Cell task5_4kb_sram_sky130_bitcell_array (0) disconnected node: sky130_fd_bd_sram__sram_sp_wlstrap_p_83/m1_42_0#
Cell task5_4kb_sram_sky130_bitcell_array (0) disconnected node: sky130_fd_bd_sram__sram_sp_wlstrap_51/m1_158_121r#
Cell task5_4kb_sram_sky130_bitcell_array (0) disconnected node: sky130_fd_bd_sram__sram_sp_wlstrap_p_884/m1_42_0#
Cell task5_4kb_sram_sky130_bitcell_array (0) disconnected node: sky130_fd_bd_sram__sram_sp_wlstrap_p_68/m1_42_0#
Cell task5_4kb_sram_sky130_bitcell_array (0) disconnected node: sky130_fd_bd_sram__sram_sp_wlstrap_883/m1_158_121r#
Cell task5_4kb_sram_sky130_bitcell_array (0) disconnected node: sky130_fd_bd_sram__sram_sp_wlstrap_40/m1_158_121r#
Cell task5_4kb_sram_sky130_bitcell_array (0) disconnected node: sky130_fd_bd_sram__sram_sp_wlstrap_38/m1_158_121r#
Cell task5_4kb_sram_sky130_bitcell_array (0) disconnected node: sky130_fd_bd_sram__sram_sp_wlstrap_p_13/m1_42_0#
Cell task5_4kb_sram_sky130_bitcell_array (0) disconnected node: sky130_fd_bd_sram__sram_sp_wlstrap_p_84/m1_42_0#
Cell task5_4kb_sram_sky130_bitcell_array (0) disconnected node: sky130_fd_bd_sram__sram_sp_wlstrap_44/m1_158_121r#
Cell task5_4kb_sram_sky130_bitcell_array (0) disconnected node: sky130_fd_bd_sram__sram_sp_wlstrap_878/m1_158_121r#
Cell task5_4kb_sram_sky130_bitcell_array (0) disconnected node: sky130_fd_bd_sram__sram_sp_wlstrap_p_43/m1_42_0#
Cell task5_4kb_sram_sky130_bitcell_array (0) disconnected node: sky130_fd_bd_sram__sram_sp_wlstrap_p_999/m1_42_0#
Cell task5_4kb_sram_sky130_bitcell_array (0) disconnected node: sky130_fd_bd_sram__sram_sp_wlstrap_99/m1_158_121r#
Cell task5_4kb_sram_sky130_bitcell_array (0) disconnected node: sky130_fd_bd_sram__sram_sp_wlstrap_876/m1_158_121r#
Cell task5_4kb_sram_sky130_bitcell_array (0) disconnected node: sky130_fd_bd_sram__sram_sp_wlstrap_33/m1_158_121r#
Cell task5_4kb_sram_sky130_bitcell_array (0) disconnected node: sky130_fd_bd_sram__sram_sp_wlstrap_p_28/m1_42_0#
Cell task5_4kb_sram_sky130_bitcell_array (0) disconnected node: sky130_fd_bd_sram__sram_sp_wlstrap_p_99/m1_42_0#
Cell task5_4kb_sram_sky130_bitcell_array (0) disconnected node: sky130_fd_bd_sram__sram_sp_wlstrap_873/m1_158_121r#
Cell task5_4kb_sram_sky130_bitcell_array (0) disconnected node: sky130_fd_bd_sram__sram_sp_wlstrap_39/m1_158_121r#
Cell task5_4kb_sram_sky130_bitcell_array (0) disconnected node: sky130_fd_bd_sram__sram_sp_wlstrap_7/m1_158_121r#
Cell task5_4kb_sram_sky130_bitcell_array (0) disconnected node: sky130_fd_bd_sram__sram_sp_wlstrap_37/m1_158_121r#
Cell task5_4kb_sram_sky130_bitcell_array (0) disconnected node: sky130_fd_bd_sram__sram_sp_wlstrap_94/m1_158_121r#
Cell task5_4kb_sram_sky130_bitcell_array (0) disconnected node: sky130_fd_bd_sram__sram_sp_wlstrap_999/m1_158_121r#
Cell task5_4kb_sram_sky130_bitcell_array (0) disconnected node: sky130_fd_bd_sram__sram_sp_wlstrap_p_44/m1_42_0#
Cell task5_4kb_sram_sky130_bitcell_array (0) disconnected node: sky130_fd_bd_sram__sram_sp_wlstrap_26/m1_158_121r#
Cell task5_4kb_sram_sky130_bitcell_array (0) disconnected node: sky130_fd_bd_sram__sram_sp_wlstrap_p_890/m1_42_0#
Cell task5_4kb_sram_sky130_bitcell_array (0) disconnected node: sky130_fd_bd_sram__sram_sp_wlstrap_p_74/m1_42_0#
Cell task5_4kb_sram_sky130_bitcell_array (0) disconnected node: sky130_fd_bd_sram__sram_sp_wlstrap_996/m1_158_121r#
Cell task5_4kb_sram_sky130_bitcell_array (0) disconnected node: sky130_fd_bd_sram__sram_sp_wlstrap_2/m1_158_121r#
Cell task5_4kb_sram_sky130_bitcell_array (0) disconnected node: sky130_fd_bd_sram__sram_sp_wlstrap_32/m1_158_121r#
Cell task5_4kb_sram_sky130_bitcell_array (0) disconnected node: sky130_fd_bd_sram__sram_sp_wlstrap_p_59/m1_42_0#
Cell task5_4kb_sram_sky130_bitcell_array (0) disconnected node: sky130_fd_bd_sram__sram_sp_wlstrap_p_887/m1_42_0#
Cell task5_4kb_sram_sky130_bitcell_array (0) disconnected node: sky130_fd_bd_sram__sram_sp_wlstrap_p_90/m1_42_0#
Cell task5_4kb_sram_sky130_bitcell_array (0) disconnected node: sky130_fd_bd_sram__sram_sp_wlstrap_87/m1_158_121r#
Cell task5_4kb_sram_sky130_bitcell_array (0) disconnected node: sky130_fd_bd_sram__sram_sp_wlstrap_21/m1_158_121r#
Cell task5_4kb_sram_sky130_bitcell_array (0) disconnected node: sky130_fd_bd_sram__sram_sp_wlstrap_19/m1_158_121r#
Cell task5_4kb_sram_sky130_bitcell_array (0) disconnected node: sky130_fd_bd_sram__sram_sp_wlstrap_93/m1_158_121r#
Cell task5_4kb_sram_sky130_bitcell_array (0) disconnected node: sky130_fd_bd_sram__sram_sp_wlstrap_p_75/m1_42_0#
Cell task5_4kb_sram_sky130_bitcell_array (0) disconnected node: sky130_fd_bd_sram__sram_sp_wlstrap_25/m1_158_121r#
Cell task5_4kb_sram_sky130_bitcell_array (0) disconnected node: sky130_fd_bd_sram__sram_sp_wlstrap_p_34/m1_42_0#
Cell task5_4kb_sram_sky130_bitcell_array (0) disconnected node: sky130_fd_bd_sram__sram_sp_wlstrap_82/m1_158_121r#
Cell task5_4kb_sram_sky130_bitcell_array (0) disconnected node: sky130_fd_bd_sram__sram_sp_wlstrap_p_6/m1_42_0#
Cell task5_4kb_sram_sky130_bitcell_array (0) disconnected node: sky130_fd_bd_sram__sram_sp_wlstrap_14/m1_158_121r#
Cell task5_4kb_sram_sky130_bitcell_array (0) disconnected node: sky130_fd_bd_sram__sram_sp_wlstrap_88/m1_158_121r#
Cell task5_4kb_sram_sky130_bitcell_array (0) disconnected node: sky130_fd_bd_sram__sram_sp_wlstrap_p_19/m1_42_0#
Cell task5_4kb_sram_sky130_bitcell_array (0) disconnected node: sky130_fd_bd_sram__sram_sp_wlstrap_p_50/m1_42_0#
Cell task5_4kb_sram_sky130_bitcell_array (0) disconnected node: sky130_fd_bd_sram__sram_sp_wlstrap_86/m1_158_121r#
Cell task5_4kb_sram_sky130_bitcell_array (0) disconnected node: sky130_fd_bd_sram__sram_sp_wlstrap_20/m1_158_121r#
Cell task5_4kb_sram_sky130_bitcell_array (0) disconnected node: sky130_fd_bd_sram__sram_sp_wlstrap_p_80/m1_42_0#
Cell task5_4kb_sram_sky130_bitcell_array (0) disconnected node: sky130_fd_bd_sram__sram_sp_wlstrap_75/m1_158_121r#
Cell task5_4kb_sram_sky130_bitcell_array (0) disconnected node: sky130_fd_bd_sram__sram_sp_wlstrap_p_35/m1_42_0#
Cell task5_4kb_sram_sky130_bitcell_array (0) disconnected node: sky130_fd_bd_sram__sram_sp_wlstrap_p_874/m1_42_0#
Cell task5_4kb_sram_sky130_bitcell_array (0) disconnected node: sky130_fd_bd_sram__sram_sp_wlstrap_p_881/m1_42_0#
Cell task5_4kb_sram_sky130_bitcell_array (0) disconnected node: sky130_fd_bd_sram__sram_sp_wlstrap_p_65/m1_42_0#
Cell task5_4kb_sram_sky130_bitcell_array (0) disconnected node: sky130_fd_bd_sram__sram_sp_wlstrap_p_893/m1_42_0#
Cell task5_4kb_sram_sky130_bitcell_array (0) disconnected node: sky130_fd_bd_sram__sram_sp_wlstrap_81/m1_158_121r#
Cell task5_4kb_sram_sky130_bitcell_array (0) disconnected node: sky130_fd_bd_sram__sram_sp_wlstrap_p_3/m1_42_0#
Cell task5_4kb_sram_sky130_bitcell_array (0) disconnected node: sky130_fd_bd_sram__sram_sp_wlstrap_13/m1_158_121r#
Cell task5_4kb_sram_sky130_bitcell_array (0) disconnected node: sky130_fd_bd_sram__sram_sp_wlstrap_70/m1_158_121r#
Cell task5_4kb_sram_sky130_bitcell_array (0) disconnected node: sky130_fd_bd_sram__sram_sp_wlstrap_p_10/m1_42_0#
Cell task5_4kb_sram_sky130_bitcell_array (0) disconnected node: sky130_fd_bd_sram__sram_sp_wlstrap_p_81/m1_42_0#
Cell task5_4kb_sram_sky130_bitcell_array (0) disconnected node: sky130_fd_bd_sram__sram_sp_wlstrap_68/m1_158_121r#
Subcircuit summary:
Circuit 1: task5_4kb_sram_sky130_bitcell_a |Circuit 2: task5_4kb_sram_sky130_bitcell_a 
-------------------------------------------|-------------------------------------------
sky130_fd_pr__special_pfet_pass (132612)   |sky130_fd_pr__special_pfet_pass (132612)   
sky130_fd_pr__special_nfet_latch (66306)   |sky130_fd_pr__special_nfet_latch (66306)   
sky130_fd_pr__special_nfet_pass (66306)    |sky130_fd_pr__special_nfet_pass (66306)    
Number of devices: 265224                  |Number of devices: 265224                  
Number of nets: 66953 **Mismatch**         |Number of nets: 66951 **Mismatch**         
---------------------------------------------------------------------------------------
NET mismatches: Class fragments follow (with fanout counts):
Circuit 1: task5_4kb_sram_sky130_bitcell_a |Circuit 2: task5_4kb_sram_sky130_bitcell_a 

---------------------------------------------------------------------------------------
Net: gnd                                   |Net: gnd                                   
  sky130_fd_pr__special_nfet_latch/(1|3) = |  sky130_fd_pr__special_nfet_latch/(1|3) = 
                                           |  sky130_fd_pr__special_nfet_pass/4 = 6630 
                                           |  sky130_fd_pr__special_nfet_latch/4 = 663 
                                           |                                           
Net: vdd                                   |Net: vdd                                   
  sky130_fd_pr__special_pfet_pass/(1|3) =  |  sky130_fd_pr__special_pfet_pass/(1|3) =  
                                           |  sky130_fd_pr__special_pfet_pass/4 = 1326 
                                           |                                           
Net: vdd_uq16960                           |(no matching net)                          
  sky130_fd_pr__special_pfet_pass/4 = 1326 |                                           
                                           |                                           
Net: VSUBS                                 |(no matching net)                          
  sky130_fd_pr__special_nfet_latch/4 = 663 |                                           
  sky130_fd_pr__special_nfet_pass/4 = 6630 |                                           
---------------------------------------------------------------------------------------
Netlists do not match.
Port matching may fail to disambiguate symmetries.
  Flattening non-matched subcircuits task5_4kb_sram_sky130_bitcell_array task5_4kb_sram_sky130_bitcell_array

Class task5_4kb_sram_pinv_13 (0):  Merged 42 parallel devices.
Subcircuit summary:
Circuit 1: task5_4kb_sram_pinv_13          |Circuit 2: task5_4kb_sram_pinv_13          
-------------------------------------------|-------------------------------------------
sky130_fd_pr__pfet_01v8 (22->1)            |sky130_fd_pr__pfet_01v8 (22->1)            
sky130_fd_pr__nfet_01v8 (22->1)            |sky130_fd_pr__nfet_01v8 (22->1)            
Number of devices: 2                       |Number of devices: 2                       
Number of nets: 4                          |Number of nets: 4                          
---------------------------------------------------------------------------------------
Netlists match uniquely.

Subcircuit pins:
Circuit 1: task5_4kb_sram_pinv_13          |Circuit 2: task5_4kb_sram_pinv_13          
-------------------------------------------|-------------------------------------------
Z                                          |Z                                          
A                                          |A                                          
vdd                                        |vdd                                        
gnd                                        |gnd                                        
---------------------------------------------------------------------------------------
Cell pin lists are equivalent.
Device classes task5_4kb_sram_pinv_13 and task5_4kb_sram_pinv_13 are equivalent.

Class task5_4kb_sram_pinv_4 (0):  Merged 12 parallel devices.
Subcircuit summary:
Circuit 1: task5_4kb_sram_pinv_4           |Circuit 2: task5_4kb_sram_pinv_4           
-------------------------------------------|-------------------------------------------
sky130_fd_pr__nfet_01v8 (7->1)             |sky130_fd_pr__nfet_01v8 (7->1)             
sky130_fd_pr__pfet_01v8 (7->1)             |sky130_fd_pr__pfet_01v8 (7->1)             
Number of devices: 2                       |Number of devices: 2                       
Number of nets: 4                          |Number of nets: 4                          
---------------------------------------------------------------------------------------
Netlists match uniquely.

Subcircuit pins:
Circuit 1: task5_4kb_sram_pinv_4           |Circuit 2: task5_4kb_sram_pinv_4           
-------------------------------------------|-------------------------------------------
Z                                          |Z                                          
A                                          |A                                          
vdd                                        |vdd                                        
gnd                                        |gnd                                        
---------------------------------------------------------------------------------------
Cell pin lists are equivalent.
Device classes task5_4kb_sram_pinv_4 and task5_4kb_sram_pinv_4 are equivalent.

Class task5_4kb_sram_pinv_2 (0):  Merged 2 parallel devices.
Subcircuit summary:
Circuit 1: task5_4kb_sram_pinv_2           |Circuit 2: task5_4kb_sram_pinv_2           
-------------------------------------------|-------------------------------------------
sky130_fd_pr__nfet_01v8 (2->1)             |sky130_fd_pr__nfet_01v8 (2->1)             
sky130_fd_pr__pfet_01v8 (2->1)             |sky130_fd_pr__pfet_01v8 (2->1)             
Number of devices: 2                       |Number of devices: 2                       
Number of nets: 4                          |Number of nets: 4                          
---------------------------------------------------------------------------------------
Netlists match uniquely.

Subcircuit pins:
Circuit 1: task5_4kb_sram_pinv_2           |Circuit 2: task5_4kb_sram_pinv_2           
-------------------------------------------|-------------------------------------------
Z                                          |Z                                          
A                                          |A                                          
vdd                                        |vdd                                        
gnd                                        |gnd                                        
---------------------------------------------------------------------------------------
Cell pin lists are equivalent.
Device classes task5_4kb_sram_pinv_2 and task5_4kb_sram_pinv_2 are equivalent.

Class task5_4kb_sram_pinv_3 (0):  Merged 4 parallel devices.
Subcircuit summary:
Circuit 1: task5_4kb_sram_pinv_3           |Circuit 2: task5_4kb_sram_pinv_3           
-------------------------------------------|-------------------------------------------
sky130_fd_pr__nfet_01v8 (3->1)             |sky130_fd_pr__nfet_01v8 (3->1)             
sky130_fd_pr__pfet_01v8 (3->1)             |sky130_fd_pr__pfet_01v8 (3->1)             
Number of devices: 2                       |Number of devices: 2                       
Number of nets: 4                          |Number of nets: 4                          
---------------------------------------------------------------------------------------
Netlists match uniquely.

Subcircuit pins:
Circuit 1: task5_4kb_sram_pinv_3           |Circuit 2: task5_4kb_sram_pinv_3           
-------------------------------------------|-------------------------------------------
Z                                          |Z                                          
A                                          |A                                          
vdd                                        |vdd                                        
gnd                                        |gnd                                        
---------------------------------------------------------------------------------------
Cell pin lists are equivalent.
Device classes task5_4kb_sram_pinv_3 and task5_4kb_sram_pinv_3 are equivalent.

Subcircuit summary:
Circuit 1: sky130_fd_bd_sram__openram_dff  |Circuit 2: sky130_fd_bd_sram__openram_dff  
-------------------------------------------|-------------------------------------------
sky130_fd_pr__pfet_01v8 (11)               |sky130_fd_pr__pfet_01v8 (11)               
sky130_fd_pr__nfet_01v8 (11)               |sky130_fd_pr__nfet_01v8 (11)               
Number of devices: 22                      |Number of devices: 22                      
Number of nets: 17                         |Number of nets: 17                         
---------------------------------------------------------------------------------------
Netlists match uniquely with port errors.

Subcircuit pins:
Circuit 1: sky130_fd_bd_sram__openram_dff  |Circuit 2: sky130_fd_bd_sram__openram_dff  
-------------------------------------------|-------------------------------------------
Q                                          |Q                                          
D                                          |D                                          
clk                                        |CLK                                        
QN                                         |(no pin, node is ON)                       
vdd                                        |VDD                                        
gnd                                        |GND                                        
---------------------------------------------------------------------------------------
Cell pin lists for sky130_fd_bd_sram__openram_dff and sky130_fd_bd_sram__openram_dff altered to match.
Device classes sky130_fd_bd_sram__openram_dff and sky130_fd_bd_sram__openram_dff are equivalent.

Class task5_4kb_sram_pinv_14 (0):  Merged 34 parallel devices.
Subcircuit summary:
Circuit 1: task5_4kb_sram_pinv_14          |Circuit 2: task5_4kb_sram_pinv_14          
-------------------------------------------|-------------------------------------------
sky130_fd_pr__pfet_01v8 (18->1)            |sky130_fd_pr__pfet_01v8 (18->1)            
sky130_fd_pr__nfet_01v8 (18->1)            |sky130_fd_pr__nfet_01v8 (18->1)            
Number of devices: 2                       |Number of devices: 2                       
Number of nets: 4                          |Number of nets: 4                          
---------------------------------------------------------------------------------------
Netlists match uniquely.

Subcircuit pins:
Circuit 1: task5_4kb_sram_pinv_14          |Circuit 2: task5_4kb_sram_pinv_14          
-------------------------------------------|-------------------------------------------
Z                                          |Z                                          
A                                          |A                                          
vdd                                        |vdd                                        
gnd                                        |gnd                                        
---------------------------------------------------------------------------------------
Cell pin lists are equivalent.
Device classes task5_4kb_sram_pinv_14 and task5_4kb_sram_pinv_14 are equivalent.

Subcircuit summary:
Circuit 1: task5_4kb_sram_wordline_driver_ |Circuit 2: task5_4kb_sram_wordline_driver_ 
-------------------------------------------|-------------------------------------------
sky130_fd_bd_sram__openram_sp_nand2_dec (1 |sky130_fd_bd_sram__openram_sp_nand2_dec (1 
task5_4kb_sram_pinv_dec_0 (129)            |task5_4kb_sram_pinv_dec_0 (129)            
Number of devices: 258                     |Number of devices: 258                     
Number of nets: 391 **Mismatch**           |Number of nets: 390 **Mismatch**           
---------------------------------------------------------------------------------------
NET mismatches: Class fragments follow (with fanout counts):
Circuit 1: task5_4kb_sram_wordline_driver_ |Circuit 2: task5_4kb_sram_wordline_driver_ 

---------------------------------------------------------------------------------------
Net: vdd                                   |Net: vdd                                   
  sky130_fd_bd_sram__openram_sp_nand2_dec/ |  sky130_fd_bd_sram__openram_sp_nand2_dec/ 
                                           |  task5_4kb_sram_pinv_dec_0/vdd = 129      
                                           |                                           
Net: vdd_uq0                               |(no matching net)                          
  task5_4kb_sram_pinv_dec_0/vdd = 129      |                                           
---------------------------------------------------------------------------------------
Netlists do not match.
Port matching may fail to disambiguate symmetries.
  Flattening non-matched subcircuits task5_4kb_sram_wordline_driver_array task5_4kb_sram_wordline_driver_array

Subcircuit summary:
Circuit 1: task5_4kb_sram_and2_dec_0       |Circuit 2: task5_4kb_sram_and2_dec_0       
-------------------------------------------|-------------------------------------------
sky130_fd_bd_sram__openram_sp_nand2_dec (1 |sky130_fd_bd_sram__openram_sp_nand2_dec (1 
task5_4kb_sram_pinv_dec_0 (1)              |task5_4kb_sram_pinv_dec_0 (1)              
Number of devices: 2                       |Number of devices: 2                       
Number of nets: 7 **Mismatch**             |Number of nets: 6 **Mismatch**             
---------------------------------------------------------------------------------------
NET mismatches: Class fragments follow (with fanout counts):
Circuit 1: task5_4kb_sram_and2_dec_0       |Circuit 2: task5_4kb_sram_and2_dec_0       

---------------------------------------------------------------------------------------
Net: vdd                                   |Net: vdd                                   
  sky130_fd_bd_sram__openram_sp_nand2_dec/ |  sky130_fd_bd_sram__openram_sp_nand2_dec/ 
                                           |  task5_4kb_sram_pinv_dec_0/vdd = 1        
                                           |                                           
Net: vdd_uq0                               |(no matching net)                          
  task5_4kb_sram_pinv_dec_0/vdd = 1        |                                           
---------------------------------------------------------------------------------------
Netlists do not match.
Port matching may fail to disambiguate symmetries.
  Flattening non-matched subcircuits task5_4kb_sram_and2_dec_0 task5_4kb_sram_and2_dec_0

Subcircuit summary:
Circuit 1: task5_4kb_sram_hierarchical_dec |Circuit 2: task5_4kb_sram_hierarchical_dec 
-------------------------------------------|-------------------------------------------
task5_4kb_sram_pinv_dec (157)              |task5_4kb_sram_pinv_dec (157)              
sky130_fd_bd_sram__openram_sp_nand3_dec (1 |sky130_fd_bd_sram__openram_sp_nand3_dec (1 
sky130_fd_bd_sram__openram_sp_nand2_dec (4 |sky130_fd_bd_sram__openram_sp_nand2_dec (4 
Number of devices: 306                     |Number of devices: 306                     
Number of nets: 326 **Mismatch**           |Number of nets: 316 **Mismatch**           
---------------------------------------------------------------------------------------
NET mismatches: Class fragments follow (with fanout counts):
Circuit 1: task5_4kb_sram_hierarchical_dec |Circuit 2: task5_4kb_sram_hierarchical_dec 

---------------------------------------------------------------------------------------
Net: vdd                                   |Net: vdd                                   
  sky130_fd_bd_sram__openram_sp_nand2_dec/ |  sky130_fd_bd_sram__openram_sp_nand2_dec/ 
                                           |  task5_4kb_sram_pinv_dec/vdd = 157        
                                           |  sky130_fd_bd_sram__openram_sp_nand3_dec/ 
                                           |                                           
Net: vdd_uq22                              |(no matching net)                          
  sky130_fd_bd_sram__openram_sp_nand3_dec/ |                                           
                                           |                                           
Net: vdd_uq16                              |(no matching net)                          
  task5_4kb_sram_pinv_dec/vdd = 3          |                                           
                                           |                                           
Net: vdd_uq8                               |(no matching net)                          
  task5_4kb_sram_pinv_dec/vdd = 3          |                                           
                                           |                                           
Net: vdd_uq21                              |(no matching net)                          
  task5_4kb_sram_pinv_dec/vdd = 129        |                                           
                                           |                                           
Net: vdd_uq2                               |(no matching net)                          
  task5_4kb_sram_pinv_dec/vdd = 4          |                                           
                                           |                                           
Net: vdd_uq1                               |(no matching net)                          
  task5_4kb_sram_pinv_dec/vdd = 2          |                                           
                                           |                                           
Net: vdd_uq18                              |(no matching net)                          
  task5_4kb_sram_pinv_dec/vdd = 8          |                                           
                                           |                                           
Net: vdd_uq19                              |(no matching net)                          
  sky130_fd_bd_sram__openram_sp_nand3_dec/ |                                           
                                           |                                           
Net: vdd_uq9                               |(no matching net)                          
  sky130_fd_bd_sram__openram_sp_nand3_dec/ |                                           
                                           |                                           
Net: vdd_uq5                               |(no matching net)                          
  task5_4kb_sram_pinv_dec/vdd = 8          |                                           
---------------------------------------------------------------------------------------
Netlists do not match.
Port matching may fail to disambiguate symmetries.
  Flattening non-matched subcircuits task5_4kb_sram_hierarchical_decoder task5_4kb_sram_hierarchical_decoder

Subcircuit summary:
Circuit 1: task5_4kb_sram_hierarchical_pre |Circuit 2: task5_4kb_sram_hierarchical_pre 
-------------------------------------------|-------------------------------------------
task5_4kb_sram_pand3 (8)                   |task5_4kb_sram_pand3 (8)                   
task5_4kb_sram_pinv_1 (3)                  |task5_4kb_sram_pinv_1 (3)                  
Number of devices: 11                      |Number of devices: 11                      
Number of nets: 19 **Mismatch**            |Number of nets: 16 **Mismatch**            
---------------------------------------------------------------------------------------
NET mismatches: Class fragments follow (with fanout counts):
Circuit 1: task5_4kb_sram_hierarchical_pre |Circuit 2: task5_4kb_sram_hierarchical_pre 

---------------------------------------------------------------------------------------
Net: vdd                                   |Net: vdd                                   
  task5_4kb_sram_pand3/vdd = 2             |  task5_4kb_sram_pand3/vdd = 8             
  task5_4kb_sram_pinv_1/vdd = 1            |  task5_4kb_sram_pinv_1/vdd = 3            
                                           |                                           
Net: vdd_uq1                               |(no matching net)                          
  task5_4kb_sram_pand3/vdd = 2             |                                           
                                           |                                           
Net: vdd_uq2                               |(no matching net)                          
  task5_4kb_sram_pand3/vdd = 2             |                                           
                                           |                                           
Net: vdd_uq0                               |(no matching net)                          
  task5_4kb_sram_pand3/vdd = 2             |                                           
  task5_4kb_sram_pinv_1/vdd = 2            |                                           
---------------------------------------------------------------------------------------
Netlists do not match.
Port matching may fail to disambiguate symmetries.
  Flattening non-matched subcircuits task5_4kb_sram_hierarchical_predecode3x8_0 task5_4kb_sram_hierarchical_predecode3x8_0

Subcircuit summary:
Circuit 1: task5_4kb_sram_write_driver_arr |Circuit 2: task5_4kb_sram_write_driver_arr 
-------------------------------------------|-------------------------------------------
sky130_fd_pr__nfet_01v8 (297)              |sky130_fd_pr__nfet_01v8 (297)              
sky130_fd_pr__pfet_01v8 (231)              |sky130_fd_pr__pfet_01v8 (231)              
Number of devices: 528                     |Number of devices: 528                     
Number of nets: 338 **Mismatch**           |Number of nets: 337 **Mismatch**           
---------------------------------------------------------------------------------------
NET mismatches: Class fragments follow (with fanout counts):
Circuit 1: task5_4kb_sram_write_driver_arr |Circuit 2: task5_4kb_sram_write_driver_arr 

---------------------------------------------------------------------------------------
Net: vdd                                   |Net: vdd                                   
  sky130_fd_pr__pfet_01v8/(1|3) = 132      |  sky130_fd_pr__pfet_01v8/(1|3) = 231      
  sky130_fd_pr__pfet_01v8/4 = 132          |  sky130_fd_pr__pfet_01v8/4 = 231          
                                           |                                           
Net: vdd_uq0                               |(no matching net)                          
  sky130_fd_pr__pfet_01v8/(1|3) = 99       |                                           
  sky130_fd_pr__pfet_01v8/4 = 99           |                                           
---------------------------------------------------------------------------------------
Netlists do not match.
Port matching may fail to disambiguate symmetries.
  Flattening non-matched subcircuits task5_4kb_sram_write_driver_array task5_4kb_sram_write_driver_array

Subcircuit summary:
Circuit 1: task5_4kb_sram_column_mux_array |Circuit 2: task5_4kb_sram_column_mux_array 
-------------------------------------------|-------------------------------------------
task5_4kb_sram_column_mux (256)            |task5_4kb_sram_column_mux (256)            
Number of devices: 256                     |Number of devices: 256                     
Number of nets: 585                        |Number of nets: 585                        
---------------------------------------------------------------------------------------
Resolving symmetries by property value.
Resolving symmetries by pin name.
Netlists match uniquely.

Subcircuit pins:
Circuit 1: task5_4kb_sram_column_mux_array |Circuit 2: task5_4kb_sram_column_mux_array 
-------------------------------------------|-------------------------------------------
gnd                                        |gnd                                        
sel_0                                      |sel_0                                      
sel_2                                      |sel_2                                      
sel_4                                      |sel_4                                      
sel_7                                      |sel_7                                      
sel_1                                      |sel_1                                      
sel_6                                      |sel_6                                      
sel_3                                      |sel_3                                      
sel_5                                      |sel_5                                      
bl_out_17                                  |bl_out_17                                  
bl_out_31                                  |bl_out_31                                  
bl_out_18                                  |bl_out_18                                  
bl_out_16                                  |bl_out_16                                  
bl_out_12                                  |bl_out_12                                  
bl_out_15                                  |bl_out_15                                  
bl_out_14                                  |bl_out_14                                  
bl_out_13                                  |bl_out_13                                  
bl_out_11                                  |bl_out_11                                  
bl_out_10                                  |bl_out_10                                  
bl_out_7                                   |bl_out_7                                   
bl_out_9                                   |bl_out_9                                   
bl_out_8                                   |bl_out_8                                   
bl_out_27                                  |bl_out_27                                  
bl_out_30                                  |bl_out_30                                  
bl_out_29                                  |bl_out_29                                  
bl_out_19                                  |bl_out_19                                  
bl_out_28                                  |bl_out_28                                  
bl_out_26                                  |bl_out_26                                  
bl_out_22                                  |bl_out_22                                  
bl_out_25                                  |bl_out_25                                  
bl_out_6                                   |bl_out_6                                   
bl_out_24                                  |bl_out_24                                  
bl_out_5                                   |bl_out_5                                   
bl_out_2                                   |bl_out_2                                   
bl_out_23                                  |bl_out_23                                  
bl_out_4                                   |bl_out_4                                   
bl_out_21                                  |bl_out_21                                  
bl_out_3                                   |bl_out_3                                   
bl_out_1                                   |bl_out_1                                   
bl_out_0                                   |bl_out_0                                   
bl_out_20                                  |bl_out_20                                  
br_out_17                                  |br_out_17                                  
br_out_31                                  |br_out_31                                  
br_out_18                                  |br_out_18                                  
br_out_16                                  |br_out_16                                  
br_out_12                                  |br_out_12                                  
br_out_15                                  |br_out_15                                  
br_out_14                                  |br_out_14                                  
br_out_13                                  |br_out_13                                  
br_out_11                                  |br_out_11                                  
br_out_10                                  |br_out_10                                  
br_out_7                                   |br_out_7                                   
br_out_9                                   |br_out_9                                   
br_out_8                                   |br_out_8                                   
br_out_27                                  |br_out_27                                  
br_out_30                                  |br_out_30                                  
br_out_29                                  |br_out_29                                  
br_out_19                                  |br_out_19                                  
br_out_28                                  |br_out_28                                  
br_out_26                                  |br_out_26                                  
br_out_22                                  |br_out_22                                  
br_out_25                                  |br_out_25                                  
br_out_6                                   |br_out_6                                   
br_out_24                                  |br_out_24                                  
br_out_5                                   |br_out_5                                   
br_out_2                                   |br_out_2                                   
br_out_23                                  |br_out_23                                  
br_out_4                                   |br_out_4                                   
br_out_21                                  |br_out_21                                  
br_out_3                                   |br_out_3                                   
br_out_1                                   |br_out_1                                   
br_out_0                                   |br_out_0                                   
br_out_20                                  |br_out_20                                  
bl_15                                      |bl_15                                      
bl_4                                       |bl_4                                       
bl_5                                       |bl_5                                       
bl_146                                     |bl_146                                     
bl_246                                     |bl_246                                     
bl_136                                     |bl_136                                     
bl_147                                     |bl_147                                     
bl_247                                     |bl_247                                     
bl_126                                     |bl_126                                     
bl_137                                     |bl_137                                     
bl_148                                     |bl_148                                     
bl_248                                     |bl_248                                     
bl_116                                     |bl_116                                     
bl_127                                     |bl_127                                     
bl_138                                     |bl_138                                     
bl_149                                     |bl_149                                     
bl_249                                     |bl_249                                     
bl_106                                     |bl_106                                     
bl_117                                     |bl_117                                     
bl_128                                     |bl_128                                     
bl_139                                     |bl_139                                     
bl_150                                     |bl_150                                     
bl_250                                     |bl_250                                     
bl_96                                      |bl_96                                      
bl_107                                     |bl_107                                     
bl_118                                     |bl_118                                     
bl_129                                     |bl_129                                     
bl_140                                     |bl_140                                     
bl_151                                     |bl_151                                     
bl_251                                     |bl_251                                     
bl_86                                      |bl_86                                      
bl_97                                      |bl_97                                      
bl_108                                     |bl_108                                     
bl_119                                     |bl_119                                     
bl_130                                     |bl_130                                     
bl_141                                     |bl_141                                     
bl_152                                     |bl_152                                     
bl_252                                     |bl_252                                     
bl_87                                      |bl_87                                      
bl_76                                      |bl_76                                      
bl_98                                      |bl_98                                      
bl_109                                     |bl_109                                     
bl_120                                     |bl_120                                     
bl_131                                     |bl_131                                     
bl_142                                     |bl_142                                     
bl_153                                     |bl_153                                     
bl_253                                     |bl_253                                     
bl_88                                      |bl_88                                      
bl_77                                      |bl_77                                      
bl_66                                      |bl_66                                      
bl_99                                      |bl_99                                      
bl_110                                     |bl_110                                     
bl_121                                     |bl_121                                     
bl_132                                     |bl_132                                     
bl_143                                     |bl_143                                     
bl_154                                     |bl_154                                     
bl_254                                     |bl_254                                     
bl_89                                      |bl_89                                      
bl_78                                      |bl_78                                      
bl_67                                      |bl_67                                      
bl_56                                      |bl_56                                      
bl_100                                     |bl_100                                     
bl_111                                     |bl_111                                     
bl_122                                     |bl_122                                     
bl_133                                     |bl_133                                     
bl_144                                     |bl_144                                     
bl_155                                     |bl_155                                     
bl_255                                     |bl_255                                     
bl_90                                      |bl_90                                      
bl_79                                      |bl_79                                      
bl_68                                      |bl_68                                      
bl_57                                      |bl_57                                      
bl_101                                     |bl_101                                     
bl_112                                     |bl_112                                     
bl_123                                     |bl_123                                     
bl_134                                     |bl_134                                     
bl_145                                     |bl_145                                     
bl_91                                      |bl_91                                      
bl_80                                      |bl_80                                      
bl_69                                      |bl_69                                      
bl_58                                      |bl_58                                      
bl_102                                     |bl_102                                     
bl_113                                     |bl_113                                     
bl_124                                     |bl_124                                     
bl_135                                     |bl_135                                     
bl_92                                      |bl_92                                      
bl_81                                      |bl_81                                      
bl_70                                      |bl_70                                      
bl_59                                      |bl_59                                      
bl_103                                     |bl_103                                     
bl_114                                     |bl_114                                     
bl_125                                     |bl_125                                     
bl_93                                      |bl_93                                      
bl_82                                      |bl_82                                      
bl_71                                      |bl_71                                      
bl_60                                      |bl_60                                      
bl_104                                     |bl_104                                     
bl_115                                     |bl_115                                     
bl_94                                      |bl_94                                      
bl_83                                      |bl_83                                      
bl_72                                      |bl_72                                      
bl_61                                      |bl_61                                      
bl_105                                     |bl_105                                     
bl_236                                     |bl_236                                     
bl_95                                      |bl_95                                      
bl_84                                      |bl_84                                      
bl_73                                      |bl_73                                      
bl_62                                      |bl_62                                      
bl_226                                     |bl_226                                     
bl_237                                     |bl_237                                     
bl_85                                      |bl_85                                      
bl_74                                      |bl_74                                      
bl_63                                      |bl_63                                      
bl_216                                     |bl_216                                     
bl_227                                     |bl_227                                     
bl_238                                     |bl_238                                     
bl_75                                      |bl_75                                      
bl_64                                      |bl_64                                      
bl_206                                     |bl_206                                     
bl_217                                     |bl_217                                     
bl_228                                     |bl_228                                     
bl_239                                     |bl_239                                     
bl_65                                      |bl_65                                      
bl_196                                     |bl_196                                     
bl_207                                     |bl_207                                     
bl_218                                     |bl_218                                     
bl_229                                     |bl_229                                     
bl_240                                     |bl_240                                     
bl_46                                      |bl_46                                      
bl_186                                     |bl_186                                     
bl_197                                     |bl_197                                     
bl_208                                     |bl_208                                     
bl_219                                     |bl_219                                     
bl_230                                     |bl_230                                     
bl_241                                     |bl_241                                     
bl_47                                      |bl_47                                      
bl_36                                      |bl_36                                      
bl_176                                     |bl_176                                     
bl_187                                     |bl_187                                     
bl_198                                     |bl_198                                     
bl_209                                     |bl_209                                     
bl_220                                     |bl_220                                     
bl_231                                     |bl_231                                     
bl_242                                     |bl_242                                     
bl_48                                      |bl_48                                      
bl_37                                      |bl_37                                      
bl_26                                      |bl_26                                      
bl_166                                     |bl_166                                     
bl_177                                     |bl_177                                     
bl_188                                     |bl_188                                     
bl_199                                     |bl_199                                     
bl_210                                     |bl_210                                     
bl_221                                     |bl_221                                     
bl_232                                     |bl_232                                     
bl_243                                     |bl_243                                     
bl_49                                      |bl_49                                      
bl_38                                      |bl_38                                      
bl_27                                      |bl_27                                      
bl_16                                      |bl_16                                      
bl_156                                     |bl_156                                     
bl_167                                     |bl_167                                     
bl_178                                     |bl_178                                     
bl_189                                     |bl_189                                     
bl_200                                     |bl_200                                     
bl_211                                     |bl_211                                     
bl_222                                     |bl_222                                     
bl_233                                     |bl_233                                     
bl_244                                     |bl_244                                     
bl_50                                      |bl_50                                      
bl_39                                      |bl_39                                      
bl_28                                      |bl_28                                      
bl_17                                      |bl_17                                      
bl_6                                       |bl_6                                       
bl_157                                     |bl_157                                     
bl_168                                     |bl_168                                     
bl_179                                     |bl_179                                     
bl_190                                     |bl_190                                     
bl_201                                     |bl_201                                     
bl_212                                     |bl_212                                     
bl_223                                     |bl_223                                     
bl_234                                     |bl_234                                     
bl_245                                     |bl_245                                     
bl_51                                      |bl_51                                      
bl_40                                      |bl_40                                      
bl_29                                      |bl_29                                      
bl_18                                      |bl_18                                      
bl_7                                       |bl_7                                       
bl_158                                     |bl_158                                     
bl_169                                     |bl_169                                     
bl_180                                     |bl_180                                     
bl_191                                     |bl_191                                     
bl_202                                     |bl_202                                     
bl_213                                     |bl_213                                     
bl_224                                     |bl_224                                     
bl_235                                     |bl_235                                     
bl_52                                      |bl_52                                      
bl_41                                      |bl_41                                      
bl_30                                      |bl_30                                      
bl_19                                      |bl_19                                      
bl_8                                       |bl_8                                       
bl_159                                     |bl_159                                     
bl_170                                     |bl_170                                     
bl_181                                     |bl_181                                     
bl_192                                     |bl_192                                     
bl_203                                     |bl_203                                     
bl_214                                     |bl_214                                     
bl_225                                     |bl_225                                     
bl_53                                      |bl_53                                      
bl_42                                      |bl_42                                      
bl_31                                      |bl_31                                      
bl_20                                      |bl_20                                      
bl_9                                       |bl_9                                       
bl_160                                     |bl_160                                     
bl_171                                     |bl_171                                     
bl_182                                     |bl_182                                     
bl_193                                     |bl_193                                     
bl_204                                     |bl_204                                     
bl_215                                     |bl_215                                     
bl_54                                      |bl_54                                      
bl_43                                      |bl_43                                      
bl_32                                      |bl_32                                      
bl_21                                      |bl_21                                      
bl_10                                      |bl_10                                      
bl_161                                     |bl_161                                     
bl_172                                     |bl_172                                     
bl_183                                     |bl_183                                     
bl_194                                     |bl_194                                     
bl_205                                     |bl_205                                     
bl_55                                      |bl_55                                      
bl_44                                      |bl_44                                      
bl_33                                      |bl_33                                      
bl_22                                      |bl_22                                      
bl_11                                      |bl_11                                      
bl_0                                       |bl_0                                       
bl_162                                     |bl_162                                     
bl_173                                     |bl_173                                     
bl_184                                     |bl_184                                     
bl_195                                     |bl_195                                     
bl_45                                      |bl_45                                      
bl_34                                      |bl_34                                      
bl_23                                      |bl_23                                      
bl_12                                      |bl_12                                      
bl_1                                       |bl_1                                       
bl_163                                     |bl_163                                     
bl_174                                     |bl_174                                     
bl_185                                     |bl_185                                     
bl_35                                      |bl_35                                      
bl_24                                      |bl_24                                      
bl_13                                      |bl_13                                      
bl_2                                       |bl_2                                       
bl_164                                     |bl_164                                     
bl_175                                     |bl_175                                     
bl_25                                      |bl_25                                      
bl_14                                      |bl_14                                      
bl_3                                       |bl_3                                       
bl_165                                     |bl_165                                     
br_15                                      |br_15                                      
br_4                                       |br_4                                       
br_5                                       |br_5                                       
br_146                                     |br_146                                     
br_246                                     |br_246                                     
br_136                                     |br_136                                     
br_147                                     |br_147                                     
br_247                                     |br_247                                     
br_126                                     |br_126                                     
br_137                                     |br_137                                     
br_148                                     |br_148                                     
br_248                                     |br_248                                     
br_116                                     |br_116                                     
br_127                                     |br_127                                     
br_138                                     |br_138                                     
br_149                                     |br_149                                     
br_249                                     |br_249                                     
br_106                                     |br_106                                     
br_117                                     |br_117                                     
br_128                                     |br_128                                     
br_139                                     |br_139                                     
br_150                                     |br_150                                     
br_250                                     |br_250                                     
br_96                                      |br_96                                      
br_107                                     |br_107                                     
br_118                                     |br_118                                     
br_129                                     |br_129                                     
br_140                                     |br_140                                     
br_151                                     |br_151                                     
br_251                                     |br_251                                     
br_86                                      |br_86                                      
br_97                                      |br_97                                      
br_108                                     |br_108                                     
br_119                                     |br_119                                     
br_130                                     |br_130                                     
br_141                                     |br_141                                     
br_152                                     |br_152                                     
br_252                                     |br_252                                     
br_87                                      |br_87                                      
br_76                                      |br_76                                      
br_98                                      |br_98                                      
br_109                                     |br_109                                     
br_120                                     |br_120                                     
br_131                                     |br_131                                     
br_142                                     |br_142                                     
br_153                                     |br_153                                     
br_253                                     |br_253                                     
br_88                                      |br_88                                      
br_77                                      |br_77                                      
br_66                                      |br_66                                      
br_99                                      |br_99                                      
br_110                                     |br_110                                     
br_121                                     |br_121                                     
br_132                                     |br_132                                     
br_143                                     |br_143                                     
br_154                                     |br_154                                     
br_254                                     |br_254                                     
br_89                                      |br_89                                      
br_78                                      |br_78                                      
br_67                                      |br_67                                      
br_56                                      |br_56                                      
br_100                                     |br_100                                     
br_111                                     |br_111                                     
br_122                                     |br_122                                     
br_133                                     |br_133                                     
br_144                                     |br_144                                     
br_155                                     |br_155                                     
br_255                                     |br_255                                     
br_90                                      |br_90                                      
br_79                                      |br_79                                      
br_68                                      |br_68                                      
br_57                                      |br_57                                      
br_101                                     |br_101                                     
br_112                                     |br_112                                     
br_123                                     |br_123                                     
br_134                                     |br_134                                     
br_145                                     |br_145                                     
br_91                                      |br_91                                      
br_80                                      |br_80                                      
br_69                                      |br_69                                      
br_58                                      |br_58                                      
br_102                                     |br_102                                     
br_113                                     |br_113                                     
br_124                                     |br_124                                     
br_135                                     |br_135                                     
br_92                                      |br_92                                      
br_81                                      |br_81                                      
br_70                                      |br_70                                      
br_59                                      |br_59                                      
br_103                                     |br_103                                     
br_114                                     |br_114                                     
br_125                                     |br_125                                     
br_93                                      |br_93                                      
br_82                                      |br_82                                      
br_71                                      |br_71                                      
br_60                                      |br_60                                      
br_104                                     |br_104                                     
br_115                                     |br_115                                     
br_94                                      |br_94                                      
br_83                                      |br_83                                      
br_72                                      |br_72                                      
br_61                                      |br_61                                      
br_105                                     |br_105                                     
br_236                                     |br_236                                     
br_95                                      |br_95                                      
br_84                                      |br_84                                      
br_73                                      |br_73                                      
br_62                                      |br_62                                      
br_226                                     |br_226                                     
br_237                                     |br_237                                     
br_85                                      |br_85                                      
br_74                                      |br_74                                      
br_63                                      |br_63                                      
br_216                                     |br_216                                     
br_227                                     |br_227                                     
br_238                                     |br_238                                     
br_75                                      |br_75                                      
br_64                                      |br_64                                      
br_206                                     |br_206                                     
br_217                                     |br_217                                     
br_228                                     |br_228                                     
br_239                                     |br_239                                     
br_65                                      |br_65                                      
br_196                                     |br_196                                     
br_207                                     |br_207                                     
br_218                                     |br_218                                     
br_229                                     |br_229                                     
br_240                                     |br_240                                     
br_46                                      |br_46                                      
br_186                                     |br_186                                     
br_197                                     |br_197                                     
br_208                                     |br_208                                     
br_219                                     |br_219                                     
br_230                                     |br_230                                     
br_241                                     |br_241                                     
br_47                                      |br_47                                      
br_36                                      |br_36                                      
br_176                                     |br_176                                     
br_187                                     |br_187                                     
br_198                                     |br_198                                     
br_209                                     |br_209                                     
br_220                                     |br_220                                     
br_231                                     |br_231                                     
br_242                                     |br_242                                     
br_48                                      |br_48                                      
br_37                                      |br_37                                      
br_26                                      |br_26                                      
br_166                                     |br_166                                     
br_177                                     |br_177                                     
br_188                                     |br_188                                     
br_199                                     |br_199                                     
br_210                                     |br_210                                     
br_221                                     |br_221                                     
br_232                                     |br_232                                     
br_243                                     |br_243                                     
br_49                                      |br_49                                      
br_38                                      |br_38                                      
br_27                                      |br_27                                      
br_16                                      |br_16                                      
br_156                                     |br_156                                     
br_167                                     |br_167                                     
br_178                                     |br_178                                     
br_189                                     |br_189                                     
br_200                                     |br_200                                     
br_211                                     |br_211                                     
br_222                                     |br_222                                     
br_233                                     |br_233                                     
br_244                                     |br_244                                     
br_50                                      |br_50                                      
br_39                                      |br_39                                      
br_28                                      |br_28                                      
br_17                                      |br_17                                      
br_6                                       |br_6                                       
br_157                                     |br_157                                     
br_168                                     |br_168                                     
br_179                                     |br_179                                     
br_190                                     |br_190                                     
br_201                                     |br_201                                     
br_212                                     |br_212                                     
br_223                                     |br_223                                     
br_234                                     |br_234                                     
br_245                                     |br_245                                     
br_51                                      |br_51                                      
br_40                                      |br_40                                      
br_29                                      |br_29                                      
br_18                                      |br_18                                      
br_7                                       |br_7                                       
br_158                                     |br_158                                     
br_169                                     |br_169                                     
br_180                                     |br_180                                     
br_191                                     |br_191                                     
br_202                                     |br_202                                     
br_213                                     |br_213                                     
br_224                                     |br_224                                     
br_235                                     |br_235                                     
br_52                                      |br_52                                      
br_41                                      |br_41                                      
br_30                                      |br_30                                      
br_19                                      |br_19                                      
br_8                                       |br_8                                       
br_159                                     |br_159                                     
br_170                                     |br_170                                     
br_181                                     |br_181                                     
br_192                                     |br_192                                     
br_203                                     |br_203                                     
br_214                                     |br_214                                     
br_225                                     |br_225                                     
br_53                                      |br_53                                      
br_42                                      |br_42                                      
br_31                                      |br_31                                      
br_20                                      |br_20                                      
br_9                                       |br_9                                       
br_160                                     |br_160                                     
br_171                                     |br_171                                     
br_182                                     |br_182                                     
br_193                                     |br_193                                     
br_204                                     |br_204                                     
br_215                                     |br_215                                     
br_54                                      |br_54                                      
br_43                                      |br_43                                      
br_32                                      |br_32                                      
br_21                                      |br_21                                      
br_10                                      |br_10                                      
br_161                                     |br_161                                     
br_172                                     |br_172                                     
br_183                                     |br_183                                     
br_194                                     |br_194                                     
br_205                                     |br_205                                     
br_55                                      |br_55                                      
br_44                                      |br_44                                      
br_33                                      |br_33                                      
br_22                                      |br_22                                      
br_11                                      |br_11                                      
br_0                                       |br_0                                       
br_162                                     |br_162                                     
br_173                                     |br_173                                     
br_184                                     |br_184                                     
br_195                                     |br_195                                     
br_45                                      |br_45                                      
br_34                                      |br_34                                      
br_23                                      |br_23                                      
br_12                                      |br_12                                      
br_1                                       |br_1                                       
br_163                                     |br_163                                     
br_174                                     |br_174                                     
br_185                                     |br_185                                     
br_35                                      |br_35                                      
br_24                                      |br_24                                      
br_13                                      |br_13                                      
br_2                                       |br_2                                       
br_164                                     |br_164                                     
br_175                                     |br_175                                     
br_25                                      |br_25                                      
br_14                                      |br_14                                      
br_3                                       |br_3                                       
br_165                                     |br_165                                     
---------------------------------------------------------------------------------------
Cell pin lists are equivalent.
Device classes task5_4kb_sram_column_mux_array and task5_4kb_sram_column_mux_array are equivalent.

Subcircuit summary:
Circuit 1: task5_4kb_sram_sense_amp_array  |Circuit 2: task5_4kb_sram_sense_amp_array  
-------------------------------------------|-------------------------------------------
sky130_fd_pr__pfet_01v8 (165)              |sky130_fd_pr__pfet_01v8 (165)              
sky130_fd_pr__nfet_01v8 (132)              |sky130_fd_pr__nfet_01v8 (132)              
Number of devices: 297                     |Number of devices: 297                     
Number of nets: 202 **Mismatch**           |Number of nets: 201 **Mismatch**           
---------------------------------------------------------------------------------------
NET mismatches: Class fragments follow (with fanout counts):
Circuit 1: task5_4kb_sram_sense_amp_array  |Circuit 2: task5_4kb_sram_sense_amp_array  

---------------------------------------------------------------------------------------
Net: vdd                                   |Net: vdd                                   
  sky130_fd_pr__pfet_01v8/4 = 165          |  sky130_fd_pr__pfet_01v8/4 = 165          
  sky130_fd_pr__pfet_01v8/(1|3) = 66       |  sky130_fd_pr__pfet_01v8/(1|3) = 99       
                                           |                                           
Net: vdd_uq0                               |(no matching net)                          
  sky130_fd_pr__pfet_01v8/(1|3) = 33       |                                           
---------------------------------------------------------------------------------------
Netlists do not match.
Port matching may fail to disambiguate symmetries.
  Flattening non-matched subcircuits task5_4kb_sram_sense_amp_array task5_4kb_sram_sense_amp_array

Subcircuit summary:
Circuit 1: task5_4kb_sram_write_mask_and_a |Circuit 2: task5_4kb_sram_write_mask_and_a 
-------------------------------------------|-------------------------------------------
task5_4kb_sram_pand2 (4)                   |task5_4kb_sram_pand2 (4)                   
Number of devices: 4                       |Number of devices: 4                       
Number of nets: 11                         |Number of nets: 11                         
---------------------------------------------------------------------------------------
Resolving symmetries by property value.
Resolving symmetries by pin name.
Netlists match uniquely.

Subcircuit pins:
Circuit 1: task5_4kb_sram_write_mask_and_a |Circuit 2: task5_4kb_sram_write_mask_and_a 
-------------------------------------------|-------------------------------------------
en                                         |en                                         
vdd                                        |vdd                                        
gnd                                        |gnd                                        
wmask_in_1                                 |wmask_in_1                                 
wmask_in_0                                 |wmask_in_0                                 
wmask_in_2                                 |wmask_in_2                                 
wmask_in_3                                 |wmask_in_3                                 
wmask_out_1                                |wmask_out_1                                
wmask_out_0                                |wmask_out_0                                
wmask_out_2                                |wmask_out_2                                
wmask_out_3                                |wmask_out_3                                
---------------------------------------------------------------------------------------
Cell pin lists are equivalent.
Device classes task5_4kb_sram_write_mask_and_array and task5_4kb_sram_write_mask_and_array are equivalent.

Subcircuit summary:
Circuit 1: task5_4kb_sram_precharge_array  |Circuit 2: task5_4kb_sram_precharge_array  
-------------------------------------------|-------------------------------------------
task5_4kb_sram_precharge_0 (258)           |task5_4kb_sram_precharge_0 (258)           
Number of devices: 258                     |Number of devices: 258                     
Number of nets: 518                        |Number of nets: 518                        
---------------------------------------------------------------------------------------
Resolving symmetries by property value.
Resolving symmetries by pin name.
Netlists match uniquely.

Subcircuit pins:
Circuit 1: task5_4kb_sram_precharge_array  |Circuit 2: task5_4kb_sram_precharge_array  
-------------------------------------------|-------------------------------------------
en_bar                                     |en_bar                                     
vdd                                        |vdd                                        
bl_93                                      |bl_93                                      
bl_82                                      |bl_82                                      
bl_71                                      |bl_71                                      
bl_60                                      |bl_60                                      
bl_104                                     |bl_104                                     
bl_115                                     |bl_115                                     
bl_126                                     |bl_126                                     
bl_137                                     |bl_137                                     
bl_94                                      |bl_94                                      
bl_83                                      |bl_83                                      
bl_72                                      |bl_72                                      
bl_61                                      |bl_61                                      
bl_105                                     |bl_105                                     
bl_116                                     |bl_116                                     
bl_127                                     |bl_127                                     
bl_95                                      |bl_95                                      
bl_84                                      |bl_84                                      
bl_73                                      |bl_73                                      
bl_62                                      |bl_62                                      
bl_106                                     |bl_106                                     
bl_117                                     |bl_117                                     
bl_85                                      |bl_85                                      
bl_74                                      |bl_74                                      
bl_63                                      |bl_63                                      
bl_96                                      |bl_96                                      
bl_107                                     |bl_107                                     
bl_86                                      |bl_86                                      
bl_75                                      |bl_75                                      
bl_64                                      |bl_64                                      
bl_97                                      |bl_97                                      
bl_87                                      |bl_87                                      
bl_76                                      |bl_76                                      
bl_65                                      |bl_65                                      
bl_248                                     |bl_248                                     
bl_77                                      |bl_77                                      
bl_66                                      |bl_66                                      
bl_249                                     |bl_249                                     
bl_67                                      |bl_67                                      
bl_250                                     |bl_250                                     
bl_251                                     |bl_251                                     
bl_48                                      |bl_48                                      
bl_252                                     |bl_252                                     
bl_49                                      |bl_49                                      
bl_38                                      |bl_38                                      
bl_253                                     |bl_253                                     
bl_50                                      |bl_50                                      
bl_39                                      |bl_39                                      
bl_28                                      |bl_28                                      
bl_254                                     |bl_254                                     
bl_51                                      |bl_51                                      
bl_40                                      |bl_40                                      
bl_29                                      |bl_29                                      
bl_18                                      |bl_18                                      
bl_255                                     |bl_255                                     
bl_52                                      |bl_52                                      
bl_41                                      |bl_41                                      
bl_30                                      |bl_30                                      
bl_19                                      |bl_19                                      
bl_8                                       |bl_8                                       
bl_256                                     |bl_256                                     
bl_53                                      |bl_53                                      
bl_42                                      |bl_42                                      
bl_31                                      |bl_31                                      
bl_20                                      |bl_20                                      
bl_9                                       |bl_9                                       
bl_257                                     |bl_257                                     
bl_54                                      |bl_54                                      
bl_43                                      |bl_43                                      
bl_32                                      |bl_32                                      
bl_21                                      |bl_21                                      
bl_10                                      |bl_10                                      
bl_55                                      |bl_55                                      
bl_44                                      |bl_44                                      
bl_33                                      |bl_33                                      
bl_22                                      |bl_22                                      
bl_11                                      |bl_11                                      
bl_0                                       |bl_0                                       
bl_45                                      |bl_45                                      
bl_34                                      |bl_34                                      
bl_23                                      |bl_23                                      
bl_12                                      |bl_12                                      
bl_1                                       |bl_1                                       
bl_56                                      |bl_56                                      
bl_57                                      |bl_57                                      
bl_46                                      |bl_46                                      
bl_35                                      |bl_35                                      
bl_24                                      |bl_24                                      
bl_13                                      |bl_13                                      
bl_2                                       |bl_2                                       
bl_238                                     |bl_238                                     
bl_47                                      |bl_47                                      
bl_36                                      |bl_36                                      
bl_25                                      |bl_25                                      
bl_14                                      |bl_14                                      
bl_3                                       |bl_3                                       
bl_228                                     |bl_228                                     
bl_239                                     |bl_239                                     
bl_37                                      |bl_37                                      
bl_26                                      |bl_26                                      
bl_15                                      |bl_15                                      
bl_4                                       |bl_4                                       
bl_218                                     |bl_218                                     
bl_229                                     |bl_229                                     
bl_240                                     |bl_240                                     
bl_27                                      |bl_27                                      
bl_16                                      |bl_16                                      
bl_5                                       |bl_5                                       
bl_208                                     |bl_208                                     
bl_219                                     |bl_219                                     
bl_230                                     |bl_230                                     
bl_241                                     |bl_241                                     
bl_17                                      |bl_17                                      
bl_6                                       |bl_6                                       
bl_198                                     |bl_198                                     
bl_209                                     |bl_209                                     
bl_220                                     |bl_220                                     
bl_231                                     |bl_231                                     
bl_242                                     |bl_242                                     
bl_7                                       |bl_7                                       
bl_188                                     |bl_188                                     
bl_199                                     |bl_199                                     
bl_210                                     |bl_210                                     
bl_221                                     |bl_221                                     
bl_232                                     |bl_232                                     
bl_243                                     |bl_243                                     
bl_178                                     |bl_178                                     
bl_189                                     |bl_189                                     
bl_200                                     |bl_200                                     
bl_211                                     |bl_211                                     
bl_222                                     |bl_222                                     
bl_233                                     |bl_233                                     
bl_244                                     |bl_244                                     
bl_148                                     |bl_148                                     
bl_168                                     |bl_168                                     
bl_179                                     |bl_179                                     
bl_190                                     |bl_190                                     
bl_201                                     |bl_201                                     
bl_212                                     |bl_212                                     
bl_223                                     |bl_223                                     
bl_234                                     |bl_234                                     
bl_245                                     |bl_245                                     
bl_138                                     |bl_138                                     
bl_149                                     |bl_149                                     
bl_158                                     |bl_158                                     
bl_169                                     |bl_169                                     
bl_180                                     |bl_180                                     
bl_191                                     |bl_191                                     
bl_202                                     |bl_202                                     
bl_213                                     |bl_213                                     
bl_224                                     |bl_224                                     
bl_235                                     |bl_235                                     
bl_246                                     |bl_246                                     
bl_128                                     |bl_128                                     
bl_139                                     |bl_139                                     
bl_150                                     |bl_150                                     
bl_159                                     |bl_159                                     
bl_170                                     |bl_170                                     
bl_181                                     |bl_181                                     
bl_192                                     |bl_192                                     
bl_203                                     |bl_203                                     
bl_214                                     |bl_214                                     
bl_225                                     |bl_225                                     
bl_236                                     |bl_236                                     
bl_247                                     |bl_247                                     
bl_118                                     |bl_118                                     
bl_129                                     |bl_129                                     
bl_140                                     |bl_140                                     
bl_151                                     |bl_151                                     
bl_160                                     |bl_160                                     
bl_171                                     |bl_171                                     
bl_182                                     |bl_182                                     
bl_193                                     |bl_193                                     
bl_204                                     |bl_204                                     
bl_215                                     |bl_215                                     
bl_226                                     |bl_226                                     
bl_237                                     |bl_237                                     
bl_108                                     |bl_108                                     
bl_119                                     |bl_119                                     
bl_130                                     |bl_130                                     
bl_141                                     |bl_141                                     
bl_152                                     |bl_152                                     
bl_161                                     |bl_161                                     
bl_172                                     |bl_172                                     
bl_183                                     |bl_183                                     
bl_194                                     |bl_194                                     
bl_205                                     |bl_205                                     
bl_216                                     |bl_216                                     
bl_227                                     |bl_227                                     
bl_98                                      |bl_98                                      
bl_109                                     |bl_109                                     
bl_120                                     |bl_120                                     
bl_131                                     |bl_131                                     
bl_142                                     |bl_142                                     
bl_153                                     |bl_153                                     
bl_162                                     |bl_162                                     
bl_173                                     |bl_173                                     
bl_184                                     |bl_184                                     
bl_195                                     |bl_195                                     
bl_206                                     |bl_206                                     
bl_217                                     |bl_217                                     
bl_88                                      |bl_88                                      
bl_99                                      |bl_99                                      
bl_110                                     |bl_110                                     
bl_121                                     |bl_121                                     
bl_132                                     |bl_132                                     
bl_143                                     |bl_143                                     
bl_154                                     |bl_154                                     
bl_163                                     |bl_163                                     
bl_174                                     |bl_174                                     
bl_185                                     |bl_185                                     
bl_196                                     |bl_196                                     
bl_207                                     |bl_207                                     
bl_89                                      |bl_89                                      
bl_78                                      |bl_78                                      
bl_100                                     |bl_100                                     
bl_111                                     |bl_111                                     
bl_122                                     |bl_122                                     
bl_133                                     |bl_133                                     
bl_144                                     |bl_144                                     
bl_155                                     |bl_155                                     
bl_164                                     |bl_164                                     
bl_175                                     |bl_175                                     
bl_186                                     |bl_186                                     
bl_197                                     |bl_197                                     
bl_90                                      |bl_90                                      
bl_79                                      |bl_79                                      
bl_68                                      |bl_68                                      
bl_101                                     |bl_101                                     
bl_112                                     |bl_112                                     
bl_123                                     |bl_123                                     
bl_134                                     |bl_134                                     
bl_145                                     |bl_145                                     
bl_156                                     |bl_156                                     
bl_165                                     |bl_165                                     
bl_176                                     |bl_176                                     
bl_187                                     |bl_187                                     
bl_91                                      |bl_91                                      
bl_80                                      |bl_80                                      
bl_69                                      |bl_69                                      
bl_58                                      |bl_58                                      
bl_102                                     |bl_102                                     
bl_113                                     |bl_113                                     
bl_124                                     |bl_124                                     
bl_135                                     |bl_135                                     
bl_146                                     |bl_146                                     
bl_157                                     |bl_157                                     
bl_166                                     |bl_166                                     
bl_177                                     |bl_177                                     
bl_92                                      |bl_92                                      
bl_81                                      |bl_81                                      
bl_70                                      |bl_70                                      
bl_59                                      |bl_59                                      
bl_103                                     |bl_103                                     
bl_114                                     |bl_114                                     
bl_125                                     |bl_125                                     
bl_136                                     |bl_136                                     
bl_147                                     |bl_147                                     
bl_167                                     |bl_167                                     
br_93                                      |br_93                                      
br_82                                      |br_82                                      
br_71                                      |br_71                                      
br_60                                      |br_60                                      
br_104                                     |br_104                                     
br_115                                     |br_115                                     
br_126                                     |br_126                                     
br_137                                     |br_137                                     
br_94                                      |br_94                                      
br_83                                      |br_83                                      
br_72                                      |br_72                                      
br_61                                      |br_61                                      
br_105                                     |br_105                                     
br_116                                     |br_116                                     
br_127                                     |br_127                                     
br_95                                      |br_95                                      
br_84                                      |br_84                                      
br_73                                      |br_73                                      
br_62                                      |br_62                                      
br_106                                     |br_106                                     
br_117                                     |br_117                                     
br_85                                      |br_85                                      
br_74                                      |br_74                                      
br_63                                      |br_63                                      
br_96                                      |br_96                                      
br_107                                     |br_107                                     
br_86                                      |br_86                                      
br_75                                      |br_75                                      
br_64                                      |br_64                                      
br_97                                      |br_97                                      
br_87                                      |br_87                                      
br_76                                      |br_76                                      
br_65                                      |br_65                                      
br_248                                     |br_248                                     
br_77                                      |br_77                                      
br_66                                      |br_66                                      
br_249                                     |br_249                                     
br_67                                      |br_67                                      
br_250                                     |br_250                                     
br_251                                     |br_251                                     
br_48                                      |br_48                                      
br_252                                     |br_252                                     
br_49                                      |br_49                                      
br_38                                      |br_38                                      
br_253                                     |br_253                                     
br_50                                      |br_50                                      
br_39                                      |br_39                                      
br_28                                      |br_28                                      
br_254                                     |br_254                                     
br_51                                      |br_51                                      
br_40                                      |br_40                                      
br_29                                      |br_29                                      
br_18                                      |br_18                                      
br_255                                     |br_255                                     
br_52                                      |br_52                                      
br_41                                      |br_41                                      
br_30                                      |br_30                                      
br_19                                      |br_19                                      
br_8                                       |br_8                                       
br_256                                     |br_256                                     
br_53                                      |br_53                                      
br_42                                      |br_42                                      
br_31                                      |br_31                                      
br_20                                      |br_20                                      
br_9                                       |br_9                                       
br_257                                     |br_257                                     
br_54                                      |br_54                                      
br_43                                      |br_43                                      
br_32                                      |br_32                                      
br_21                                      |br_21                                      
br_10                                      |br_10                                      
br_55                                      |br_55                                      
br_44                                      |br_44                                      
br_33                                      |br_33                                      
br_22                                      |br_22                                      
br_11                                      |br_11                                      
br_0                                       |br_0                                       
br_45                                      |br_45                                      
br_34                                      |br_34                                      
br_23                                      |br_23                                      
br_12                                      |br_12                                      
br_1                                       |br_1                                       
br_56                                      |br_56                                      
br_57                                      |br_57                                      
br_46                                      |br_46                                      
br_35                                      |br_35                                      
br_24                                      |br_24                                      
br_13                                      |br_13                                      
br_2                                       |br_2                                       
br_238                                     |br_238                                     
br_47                                      |br_47                                      
br_36                                      |br_36                                      
br_25                                      |br_25                                      
br_14                                      |br_14                                      
br_3                                       |br_3                                       
br_228                                     |br_228                                     
br_239                                     |br_239                                     
br_37                                      |br_37                                      
br_26                                      |br_26                                      
br_15                                      |br_15                                      
br_4                                       |br_4                                       
br_218                                     |br_218                                     
br_229                                     |br_229                                     
br_240                                     |br_240                                     
br_27                                      |br_27                                      
br_16                                      |br_16                                      
br_5                                       |br_5                                       
br_208                                     |br_208                                     
br_219                                     |br_219                                     
br_230                                     |br_230                                     
br_241                                     |br_241                                     
br_17                                      |br_17                                      
br_6                                       |br_6                                       
br_198                                     |br_198                                     
br_209                                     |br_209                                     
br_220                                     |br_220                                     
br_231                                     |br_231                                     
br_242                                     |br_242                                     
br_7                                       |br_7                                       
br_188                                     |br_188                                     
br_199                                     |br_199                                     
br_210                                     |br_210                                     
br_221                                     |br_221                                     
br_232                                     |br_232                                     
br_243                                     |br_243                                     
br_178                                     |br_178                                     
br_189                                     |br_189                                     
br_200                                     |br_200                                     
br_211                                     |br_211                                     
br_222                                     |br_222                                     
br_233                                     |br_233                                     
br_244                                     |br_244                                     
br_148                                     |br_148                                     
br_168                                     |br_168                                     
br_179                                     |br_179                                     
br_190                                     |br_190                                     
br_201                                     |br_201                                     
br_212                                     |br_212                                     
br_223                                     |br_223                                     
br_234                                     |br_234                                     
br_245                                     |br_245                                     
br_138                                     |br_138                                     
br_149                                     |br_149                                     
br_158                                     |br_158                                     
br_169                                     |br_169                                     
br_180                                     |br_180                                     
br_191                                     |br_191                                     
br_202                                     |br_202                                     
br_213                                     |br_213                                     
br_224                                     |br_224                                     
br_235                                     |br_235                                     
br_246                                     |br_246                                     
br_128                                     |br_128                                     
br_139                                     |br_139                                     
br_150                                     |br_150                                     
br_159                                     |br_159                                     
br_170                                     |br_170                                     
br_181                                     |br_181                                     
br_192                                     |br_192                                     
br_203                                     |br_203                                     
br_214                                     |br_214                                     
br_225                                     |br_225                                     
br_236                                     |br_236                                     
br_247                                     |br_247                                     
br_118                                     |br_118                                     
br_129                                     |br_129                                     
br_140                                     |br_140                                     
br_151                                     |br_151                                     
br_160                                     |br_160                                     
br_171                                     |br_171                                     
br_182                                     |br_182                                     
br_193                                     |br_193                                     
br_204                                     |br_204                                     
br_215                                     |br_215                                     
br_226                                     |br_226                                     
br_237                                     |br_237                                     
br_108                                     |br_108                                     
br_119                                     |br_119                                     
br_130                                     |br_130                                     
br_141                                     |br_141                                     
br_152                                     |br_152                                     
br_161                                     |br_161                                     
br_172                                     |br_172                                     
br_183                                     |br_183                                     
br_194                                     |br_194                                     
br_205                                     |br_205                                     
br_216                                     |br_216                                     
br_227                                     |br_227                                     
br_98                                      |br_98                                      
br_109                                     |br_109                                     
br_120                                     |br_120                                     
br_131                                     |br_131                                     
br_142                                     |br_142                                     
br_153                                     |br_153                                     
br_162                                     |br_162                                     
br_173                                     |br_173                                     
br_184                                     |br_184                                     
br_195                                     |br_195                                     
br_206                                     |br_206                                     
br_217                                     |br_217                                     
br_88                                      |br_88                                      
br_99                                      |br_99                                      
br_110                                     |br_110                                     
br_121                                     |br_121                                     
br_132                                     |br_132                                     
br_143                                     |br_143                                     
br_154                                     |br_154                                     
br_163                                     |br_163                                     
br_174                                     |br_174                                     
br_185                                     |br_185                                     
br_196                                     |br_196                                     
br_207                                     |br_207                                     
br_89                                      |br_89                                      
br_78                                      |br_78                                      
br_100                                     |br_100                                     
br_111                                     |br_111                                     
br_122                                     |br_122                                     
br_133                                     |br_133                                     
br_144                                     |br_144                                     
br_155                                     |br_155                                     
br_164                                     |br_164                                     
br_175                                     |br_175                                     
br_186                                     |br_186                                     
br_197                                     |br_197                                     
br_90                                      |br_90                                      
br_79                                      |br_79                                      
br_68                                      |br_68                                      
br_101                                     |br_101                                     
br_112                                     |br_112                                     
br_123                                     |br_123                                     
br_134                                     |br_134                                     
br_145                                     |br_145                                     
br_156                                     |br_156                                     
br_165                                     |br_165                                     
br_176                                     |br_176                                     
br_187                                     |br_187                                     
br_91                                      |br_91                                      
br_80                                      |br_80                                      
br_69                                      |br_69                                      
br_58                                      |br_58                                      
br_102                                     |br_102                                     
br_113                                     |br_113                                     
br_124                                     |br_124                                     
br_135                                     |br_135                                     
br_146                                     |br_146                                     
br_157                                     |br_157                                     
br_166                                     |br_166                                     
br_177                                     |br_177                                     
br_92                                      |br_92                                      
br_81                                      |br_81                                      
br_70                                      |br_70                                      
br_59                                      |br_59                                      
br_103                                     |br_103                                     
br_114                                     |br_114                                     
br_125                                     |br_125                                     
br_136                                     |br_136                                     
br_147                                     |br_147                                     
br_167                                     |br_167                                     
---------------------------------------------------------------------------------------
Cell pin lists are equivalent.
Device classes task5_4kb_sram_precharge_array and task5_4kb_sram_precharge_array are equivalent.
Flattening unmatched subcell task5_4kb_sram_sky130_row_cap_array in circuit task5_4kb_sram_sky130_replica_bitcell_array (1)(1 instance)
Flattening unmatched subcell sky130_fd_bd_sram__sram_sp_cornera in circuit task5_4kb_sram_sky130_replica_bitcell_array (1)(1 instance)
Flattening unmatched subcell sky130_fd_bd_sram__openram_sp_rowenda_replica in circuit task5_4kb_sram_sky130_replica_bitcell_array (1)(65 instances)
Flattening unmatched subcell sky130_fd_bd_sram__openram_sp_rowend_replica in circuit task5_4kb_sram_sky130_replica_bitcell_array (1)(65 instances)
Flattening unmatched subcell sky130_fd_bd_sram__sram_sp_corner in circuit task5_4kb_sram_sky130_replica_bitcell_array (1)(1 instance)
Flattening unmatched subcell task5_4kb_sram_sky130_row_cap_array_0 in circuit task5_4kb_sram_sky130_replica_bitcell_array (1)(1 instance)
Flattening unmatched subcell sky130_fd_bd_sram__sram_sp_cornera in circuit task5_4kb_sram_sky130_replica_bitcell_array (1)(1 instance)
Flattening unmatched subcell sky130_fd_bd_sram__sram_sp_rowenda in circuit task5_4kb_sram_sky130_replica_bitcell_array (1)(65 instances)
Flattening unmatched subcell sky130_fd_bd_sram__sram_sp_rowend in circuit task5_4kb_sram_sky130_replica_bitcell_array (1)(65 instances)
Flattening unmatched subcell sky130_fd_bd_sram__sram_sp_cornerb in circuit task5_4kb_sram_sky130_replica_bitcell_array (1)(1 instance)

Cell task5_4kb_sram_sky130_replica_bitcell_array (0) disconnected node: w_129089_921#
Cell task5_4kb_sram_sky130_replica_bitcell_array (0) disconnected node: w_0_921#
Cell task5_4kb_sram_sky130_replica_bitcell_array (0) disconnected node: w_0_42412#
Cell task5_4kb_sram_sky130_replica_bitcell_array (0) disconnected node: w_129089_42412#
Subcircuit summary:
Circuit 1: task5_4kb_sram_sky130_replica_b |Circuit 2: task5_4kb_sram_sky130_replica_b 
-------------------------------------------|-------------------------------------------
sky130_fd_bd_sram__sram_sp_colend (258)    |sky130_fd_bd_sram__sram_sp_colend (258)    
sky130_fd_bd_sram__sram_sp_colenda (258)   |sky130_fd_bd_sram__sram_sp_colenda (258)   
sky130_fd_pr__special_pfet_pass (134160)   |sky130_fd_pr__special_pfet_pass (134160)   
sky130_fd_pr__special_nfet_latch (67080)   |sky130_fd_pr__special_nfet_latch (67080)   
sky130_fd_pr__special_nfet_pass (67080)    |sky130_fd_pr__special_nfet_pass (67080)    
Number of devices: 268836                  |Number of devices: 268836                  
Number of nets: 68627 **Mismatch**         |Number of nets: 68626 **Mismatch**         
---------------------------------------------------------------------------------------
NET mismatches: Class fragments follow (with fanout counts):
Circuit 1: task5_4kb_sram_sky130_replica_b |Circuit 2: task5_4kb_sram_sky130_replica_b 

---------------------------------------------------------------------------------------
Net: gnd                                   |Net: gnd                                   
  sky130_fd_bd_sram__sram_sp_colend/gnd =  |  sky130_fd_bd_sram__sram_sp_colend/gnd =  
  sky130_fd_bd_sram__sram_sp_colenda/gnd = |  sky130_fd_bd_sram__sram_sp_colenda/gnd = 
  sky130_fd_pr__special_nfet_latch/(1|3) = |  sky130_fd_pr__special_nfet_latch/(1|3) = 
                                           |  sky130_fd_pr__special_nfet_pass/4 = 6708 
                                           |  sky130_fd_bd_sram__sram_sp_colend/vnb =  
                                           |  sky130_fd_bd_sram__sram_sp_colend/gate = 
                                           |  sky130_fd_pr__special_nfet_latch/4 = 670 
                                           |  sky130_fd_bd_sram__sram_sp_colenda/vnb = 
                                           |  sky130_fd_bd_sram__sram_sp_colenda/gate  
                                           |                                           
Net: VSUBS                                 |(no matching net)                          
  sky130_fd_bd_sram__sram_sp_colend/vnb =  |                                           
  sky130_fd_bd_sram__sram_sp_colend/gate = |                                           
  sky130_fd_bd_sram__sram_sp_colenda/vnb = |                                           
  sky130_fd_bd_sram__sram_sp_colenda/gate  |                                           
  sky130_fd_pr__special_nfet_latch/4 = 670 |                                           
  sky130_fd_pr__special_nfet_pass/4 = 6708 |                                           
---------------------------------------------------------------------------------------
Netlists do not match.
Port matching may fail to disambiguate symmetries.
  Flattening non-matched subcircuits task5_4kb_sram_sky130_replica_bitcell_array task5_4kb_sram_sky130_replica_bitcell_array

Class task5_4kb_sram_pinv_11 (0):  Merged 14 parallel devices.
Subcircuit summary:
Circuit 1: task5_4kb_sram_pinv_11          |Circuit 2: task5_4kb_sram_pinv_11          
-------------------------------------------|-------------------------------------------
sky130_fd_pr__nfet_01v8 (8->1)             |sky130_fd_pr__nfet_01v8 (8->1)             
sky130_fd_pr__pfet_01v8 (8->1)             |sky130_fd_pr__pfet_01v8 (8->1)             
Number of devices: 2                       |Number of devices: 2                       
Number of nets: 4                          |Number of nets: 4                          
---------------------------------------------------------------------------------------
Netlists match uniquely.

Subcircuit pins:
Circuit 1: task5_4kb_sram_pinv_11          |Circuit 2: task5_4kb_sram_pinv_11          
-------------------------------------------|-------------------------------------------
Z                                          |Z                                          
A                                          |A                                          
vdd                                        |vdd                                        
gnd                                        |gnd                                        
---------------------------------------------------------------------------------------
Cell pin lists are equivalent.
Device classes task5_4kb_sram_pinv_11 and task5_4kb_sram_pinv_11 are equivalent.

Class task5_4kb_sram_pinv_12 (0):  Merged 46 parallel devices.
Subcircuit summary:
Circuit 1: task5_4kb_sram_pinv_12          |Circuit 2: task5_4kb_sram_pinv_12          
-------------------------------------------|-------------------------------------------
sky130_fd_pr__pfet_01v8 (24->1)            |sky130_fd_pr__pfet_01v8 (24->1)            
sky130_fd_pr__nfet_01v8 (24->1)            |sky130_fd_pr__nfet_01v8 (24->1)            
Number of devices: 2                       |Number of devices: 2                       
Number of nets: 4                          |Number of nets: 4                          
---------------------------------------------------------------------------------------
Netlists match uniquely.

Subcircuit pins:
Circuit 1: task5_4kb_sram_pinv_12          |Circuit 2: task5_4kb_sram_pinv_12          
-------------------------------------------|-------------------------------------------
Z                                          |Z                                          
A                                          |A                                          
vdd                                        |vdd                                        
gnd                                        |gnd                                        
---------------------------------------------------------------------------------------
Cell pin lists are equivalent.
Device classes task5_4kb_sram_pinv_12 and task5_4kb_sram_pinv_12 are equivalent.

Subcircuit summary:
Circuit 1: task5_4kb_sram_pdriver_4        |Circuit 2: task5_4kb_sram_pdriver_4        
-------------------------------------------|-------------------------------------------
task5_4kb_sram_pinv_13 (1)                 |task5_4kb_sram_pinv_13 (1)                 
Number of devices: 1                       |Number of devices: 1                       
Number of nets: 4                          |Number of nets: 4                          
---------------------------------------------------------------------------------------
Netlists match uniquely.

Subcircuit pins:
Circuit 1: task5_4kb_sram_pdriver_4        |Circuit 2: task5_4kb_sram_pdriver_4        
-------------------------------------------|-------------------------------------------
A                                          |A                                          
Z                                          |Z                                          
vdd                                        |vdd                                        
gnd                                        |gnd                                        
---------------------------------------------------------------------------------------
Cell pin lists are equivalent.
Device classes task5_4kb_sram_pdriver_4 and task5_4kb_sram_pdriver_4 are equivalent.

Subcircuit summary:
Circuit 1: task5_4kb_sram_pinv_18          |Circuit 2: task5_4kb_sram_pinv_18          
-------------------------------------------|-------------------------------------------
sky130_fd_pr__nfet_01v8 (1)                |sky130_fd_pr__nfet_01v8 (1)                
sky130_fd_pr__pfet_01v8 (1)                |sky130_fd_pr__pfet_01v8 (1)                
Number of devices: 2                       |Number of devices: 2                       
Number of nets: 4                          |Number of nets: 4                          
---------------------------------------------------------------------------------------
Netlists match uniquely.

Subcircuit pins:
Circuit 1: task5_4kb_sram_pinv_18          |Circuit 2: task5_4kb_sram_pinv_18          
-------------------------------------------|-------------------------------------------
Z                                          |Z                                          
A                                          |A                                          
vdd                                        |vdd                                        
gnd                                        |gnd                                        
---------------------------------------------------------------------------------------
Cell pin lists are equivalent.
Device classes task5_4kb_sram_pinv_18 and task5_4kb_sram_pinv_18 are equivalent.

Subcircuit summary:
Circuit 1: task5_4kb_sram_pdriver_1        |Circuit 2: task5_4kb_sram_pdriver_1        
-------------------------------------------|-------------------------------------------
task5_4kb_sram_pinv_4 (1)                  |task5_4kb_sram_pinv_4 (1)                  
Number of devices: 1                       |Number of devices: 1                       
Number of nets: 4                          |Number of nets: 4                          
---------------------------------------------------------------------------------------
Netlists match uniquely.

Subcircuit pins:
Circuit 1: task5_4kb_sram_pdriver_1        |Circuit 2: task5_4kb_sram_pdriver_1        
-------------------------------------------|-------------------------------------------
A                                          |A                                          
Z                                          |Z                                          
vdd                                        |vdd                                        
gnd                                        |gnd                                        
---------------------------------------------------------------------------------------
Cell pin lists are equivalent.
Device classes task5_4kb_sram_pdriver_1 and task5_4kb_sram_pdriver_1 are equivalent.

Subcircuit summary:
Circuit 1: task5_4kb_sram_pnand2_0         |Circuit 2: task5_4kb_sram_pnand2_0         
-------------------------------------------|-------------------------------------------
sky130_fd_pr__nfet_01v8 (2)                |sky130_fd_pr__nfet_01v8 (2)                
sky130_fd_pr__pfet_01v8 (2)                |sky130_fd_pr__pfet_01v8 (2)                
Number of devices: 4                       |Number of devices: 4                       
Number of nets: 8 **Mismatch**             |Number of nets: 6 **Mismatch**             
---------------------------------------------------------------------------------------
NET mismatches: Class fragments follow (with fanout counts):
Circuit 1: task5_4kb_sram_pnand2_0         |Circuit 2: task5_4kb_sram_pnand2_0         

---------------------------------------------------------------------------------------
Net: gnd                                   |Net: gnd                                   
  sky130_fd_pr__nfet_01v8/(1|3) = 1        |  sky130_fd_pr__nfet_01v8/(1|3) = 1        
                                           |  sky130_fd_pr__nfet_01v8/4 = 2            
                                           |                                           
Net: vdd                                   |Net: vdd                                   
  sky130_fd_pr__pfet_01v8/(1|3) = 2        |  sky130_fd_pr__pfet_01v8/(1|3) = 2        
                                           |  sky130_fd_pr__pfet_01v8/4 = 2            
                                           |                                           
Net: w_n36_679#                            |(no matching net)                          
  sky130_fd_pr__pfet_01v8/4 = 2            |                                           
                                           |                                           
Net: VSUBS                                 |(no matching net)                          
  sky130_fd_pr__nfet_01v8/4 = 2            |                                           
---------------------------------------------------------------------------------------
Netlists do not match.
Port matching may fail to disambiguate symmetries.
  Flattening non-matched subcircuits task5_4kb_sram_pnand2_0 task5_4kb_sram_pnand2_0

Class task5_4kb_sram_pinv_17 (0):  Merged 92 parallel devices.
Subcircuit summary:
Circuit 1: task5_4kb_sram_pinv_17          |Circuit 2: task5_4kb_sram_pinv_17          
-------------------------------------------|-------------------------------------------
sky130_fd_pr__pfet_01v8 (47->1)            |sky130_fd_pr__pfet_01v8 (47->1)            
sky130_fd_pr__nfet_01v8 (47->1)            |sky130_fd_pr__nfet_01v8 (47->1)            
Number of devices: 2                       |Number of devices: 2                       
Number of nets: 4                          |Number of nets: 4                          
---------------------------------------------------------------------------------------
Netlists match uniquely.

Subcircuit pins:
Circuit 1: task5_4kb_sram_pinv_17          |Circuit 2: task5_4kb_sram_pinv_17          
-------------------------------------------|-------------------------------------------
Z                                          |Z                                          
A                                          |A                                          
vdd                                        |vdd                                        
gnd                                        |gnd                                        
---------------------------------------------------------------------------------------
Cell pin lists are equivalent.
Device classes task5_4kb_sram_pinv_17 and task5_4kb_sram_pinv_17 are equivalent.

Class task5_4kb_sram_pinv_15 (0):  Merged 10 parallel devices.
Subcircuit summary:
Circuit 1: task5_4kb_sram_pinv_15          |Circuit 2: task5_4kb_sram_pinv_15          
-------------------------------------------|-------------------------------------------
sky130_fd_pr__nfet_01v8 (6->1)             |sky130_fd_pr__nfet_01v8 (6->1)             
sky130_fd_pr__pfet_01v8 (6->1)             |sky130_fd_pr__pfet_01v8 (6->1)             
Number of devices: 2                       |Number of devices: 2                       
Number of nets: 4                          |Number of nets: 4                          
---------------------------------------------------------------------------------------
Netlists match uniquely.

Subcircuit pins:
Circuit 1: task5_4kb_sram_pinv_15          |Circuit 2: task5_4kb_sram_pinv_15          
-------------------------------------------|-------------------------------------------
Z                                          |Z                                          
A                                          |A                                          
vdd                                        |vdd                                        
gnd                                        |gnd                                        
---------------------------------------------------------------------------------------
Cell pin lists are equivalent.
Device classes task5_4kb_sram_pinv_15 and task5_4kb_sram_pinv_15 are equivalent.

Class task5_4kb_sram_pinv_7 (0):  Merged 2 parallel devices.
Subcircuit summary:
Circuit 1: task5_4kb_sram_pinv_7           |Circuit 2: task5_4kb_sram_pinv_7           
-------------------------------------------|-------------------------------------------
sky130_fd_pr__nfet_01v8 (2->1)             |sky130_fd_pr__nfet_01v8 (2->1)             
sky130_fd_pr__pfet_01v8 (2->1)             |sky130_fd_pr__pfet_01v8 (2->1)             
Number of devices: 2                       |Number of devices: 2                       
Number of nets: 4                          |Number of nets: 4                          
---------------------------------------------------------------------------------------
Netlists match uniquely.

Subcircuit pins:
Circuit 1: task5_4kb_sram_pinv_7           |Circuit 2: task5_4kb_sram_pinv_7           
-------------------------------------------|-------------------------------------------
Z                                          |Z                                          
A                                          |A                                          
vdd                                        |vdd                                        
gnd                                        |gnd                                        
---------------------------------------------------------------------------------------
Cell pin lists are equivalent.
Device classes task5_4kb_sram_pinv_7 and task5_4kb_sram_pinv_7 are equivalent.

Class task5_4kb_sram_pinv_16 (0):  Merged 30 parallel devices.
Subcircuit summary:
Circuit 1: task5_4kb_sram_pinv_16          |Circuit 2: task5_4kb_sram_pinv_16          
-------------------------------------------|-------------------------------------------
sky130_fd_pr__pfet_01v8 (16->1)            |sky130_fd_pr__pfet_01v8 (16->1)            
sky130_fd_pr__nfet_01v8 (16->1)            |sky130_fd_pr__nfet_01v8 (16->1)            
Number of devices: 2                       |Number of devices: 2                       
Number of nets: 4                          |Number of nets: 4                          
---------------------------------------------------------------------------------------
Netlists match uniquely.

Subcircuit pins:
Circuit 1: task5_4kb_sram_pinv_16          |Circuit 2: task5_4kb_sram_pinv_16          
-------------------------------------------|-------------------------------------------
Z                                          |Z                                          
A                                          |A                                          
vdd                                        |vdd                                        
gnd                                        |gnd                                        
---------------------------------------------------------------------------------------
Cell pin lists are equivalent.
Device classes task5_4kb_sram_pinv_16 and task5_4kb_sram_pinv_16 are equivalent.

Subcircuit summary:
Circuit 1: task5_4kb_sram_dff_buf_0        |Circuit 2: task5_4kb_sram_dff_buf_0        
-------------------------------------------|-------------------------------------------
task5_4kb_sram_pinv_2 (1)                  |task5_4kb_sram_pinv_2 (1)                  
task5_4kb_sram_pinv_3 (1)                  |task5_4kb_sram_pinv_3 (1)                  
sky130_fd_bd_sram__openram_dff (1)         |sky130_fd_bd_sram__openram_dff (1)         
Number of devices: 3                       |Number of devices: 3                       
Number of nets: 8                          |Number of nets: 8                          
---------------------------------------------------------------------------------------
Netlists match uniquely.

Subcircuit pins:
Circuit 1: task5_4kb_sram_dff_buf_0        |Circuit 2: task5_4kb_sram_dff_buf_0        
-------------------------------------------|-------------------------------------------
D                                          |D                                          
clk                                        |clk                                        
Q                                          |Q                                          
vdd                                        |vdd                                        
gnd                                        |gnd                                        
Qb                                         |Qb                                         
---------------------------------------------------------------------------------------
Cell pin lists are equivalent.
Device classes task5_4kb_sram_dff_buf_0 and task5_4kb_sram_dff_buf_0 are equivalent.

Subcircuit summary:
Circuit 1: task5_4kb_sram_pdriver_5        |Circuit 2: task5_4kb_sram_pdriver_5        
-------------------------------------------|-------------------------------------------
task5_4kb_sram_pinv_14 (1)                 |task5_4kb_sram_pinv_14 (1)                 
Number of devices: 1                       |Number of devices: 1                       
Number of nets: 4                          |Number of nets: 4                          
---------------------------------------------------------------------------------------
Netlists match uniquely.

Subcircuit pins:
Circuit 1: task5_4kb_sram_pdriver_5        |Circuit 2: task5_4kb_sram_pdriver_5        
-------------------------------------------|-------------------------------------------
A                                          |A                                          
Z                                          |Z                                          
vdd                                        |vdd                                        
gnd                                        |gnd                                        
---------------------------------------------------------------------------------------
Cell pin lists are equivalent.
Device classes task5_4kb_sram_pdriver_5 and task5_4kb_sram_pdriver_5 are equivalent.

Class task5_4kb_sram_pinv_10 (0):  Merged 88 parallel devices.
Subcircuit summary:
Circuit 1: task5_4kb_sram_pinv_10          |Circuit 2: task5_4kb_sram_pinv_10          
-------------------------------------------|-------------------------------------------
sky130_fd_pr__pfet_01v8 (45->1)            |sky130_fd_pr__pfet_01v8 (45->1)            
sky130_fd_pr__nfet_01v8 (45->1)            |sky130_fd_pr__nfet_01v8 (45->1)            
Number of devices: 2                       |Number of devices: 2                       
Number of nets: 4                          |Number of nets: 4                          
---------------------------------------------------------------------------------------
Netlists match uniquely.

Subcircuit pins:
Circuit 1: task5_4kb_sram_pinv_10          |Circuit 2: task5_4kb_sram_pinv_10          
-------------------------------------------|-------------------------------------------
Z                                          |Z                                          
A                                          |A                                          
vdd                                        |vdd                                        
gnd                                        |gnd                                        
---------------------------------------------------------------------------------------
Cell pin lists are equivalent.
Device classes task5_4kb_sram_pinv_10 and task5_4kb_sram_pinv_10 are equivalent.

Class task5_4kb_sram_pinv_9 (0):  Merged 28 parallel devices.
Subcircuit summary:
Circuit 1: task5_4kb_sram_pinv_9           |Circuit 2: task5_4kb_sram_pinv_9           
-------------------------------------------|-------------------------------------------
sky130_fd_pr__pfet_01v8 (15->1)            |sky130_fd_pr__pfet_01v8 (15->1)            
sky130_fd_pr__nfet_01v8 (15->1)            |sky130_fd_pr__nfet_01v8 (15->1)            
Number of devices: 2                       |Number of devices: 2                       
Number of nets: 4                          |Number of nets: 4                          
---------------------------------------------------------------------------------------
Netlists match uniquely.

Subcircuit pins:
Circuit 1: task5_4kb_sram_pinv_9           |Circuit 2: task5_4kb_sram_pinv_9           
-------------------------------------------|-------------------------------------------
Z                                          |Z                                          
A                                          |A                                          
vdd                                        |vdd                                        
gnd                                        |gnd                                        
---------------------------------------------------------------------------------------
Cell pin lists are equivalent.
Device classes task5_4kb_sram_pinv_9 and task5_4kb_sram_pinv_9 are equivalent.

Class task5_4kb_sram_pinv_8 (0):  Merged 8 parallel devices.
Subcircuit summary:
Circuit 1: task5_4kb_sram_pinv_8           |Circuit 2: task5_4kb_sram_pinv_8           
-------------------------------------------|-------------------------------------------
sky130_fd_pr__nfet_01v8 (5->1)             |sky130_fd_pr__nfet_01v8 (5->1)             
sky130_fd_pr__pfet_01v8 (5->1)             |sky130_fd_pr__pfet_01v8 (5->1)             
Number of devices: 2                       |Number of devices: 2                       
Number of nets: 4                          |Number of nets: 4                          
---------------------------------------------------------------------------------------
Netlists match uniquely.

Subcircuit pins:
Circuit 1: task5_4kb_sram_pinv_8           |Circuit 2: task5_4kb_sram_pinv_8           
-------------------------------------------|-------------------------------------------
Z                                          |Z                                          
A                                          |A                                          
vdd                                        |vdd                                        
gnd                                        |gnd                                        
---------------------------------------------------------------------------------------
Cell pin lists are equivalent.
Device classes task5_4kb_sram_pinv_8 and task5_4kb_sram_pinv_8 are equivalent.

Subcircuit summary:
Circuit 1: task5_4kb_sram_port_address     |Circuit 2: task5_4kb_sram_port_address     
-------------------------------------------|-------------------------------------------
sky130_fd_bd_sram__openram_sp_nand2_dec (1 |sky130_fd_bd_sram__openram_sp_nand2_dec (1 
task5_4kb_sram_pinv_dec_0 (130)            |task5_4kb_sram_pinv_dec_0 (130)            
task5_4kb_sram_pinv_dec (157)              |task5_4kb_sram_pinv_dec (157)              
sky130_fd_bd_sram__openram_sp_nand3_dec (1 |sky130_fd_bd_sram__openram_sp_nand3_dec (1 
Number of devices: 566                     |Number of devices: 566                     
Number of nets: 590 **Mismatch**           |Number of nets: 577 **Mismatch**           
---------------------------------------------------------------------------------------
NET mismatches: Class fragments follow (with fanout counts):
Circuit 1: task5_4kb_sram_port_address     |Circuit 2: task5_4kb_sram_port_address     

---------------------------------------------------------------------------------------
Net: vdd                                   |Net: vdd                                   
  sky130_fd_bd_sram__openram_sp_nand2_dec/ |  sky130_fd_bd_sram__openram_sp_nand2_dec/ 
                                           |  task5_4kb_sram_pinv_dec/vdd = 157        
                                           |  sky130_fd_bd_sram__openram_sp_nand3_dec/ 
                                           |  task5_4kb_sram_pinv_dec_0/vdd = 130      
                                           |  sky130_fd_bd_sram__openram_sp_nand2_dec/ 
                                           |                                           
Net: vdd_uq27                              |(no matching net)                          
  sky130_fd_bd_sram__openram_sp_nand2_dec/ |                                           
                                           |                                           
Net: vdd_uq0                               |(no matching net)                          
  task5_4kb_sram_pinv_dec_0/vdd = 130      |                                           
                                           |                                           
Net: vdd_uq6                               |(no matching net)                          
  task5_4kb_sram_pinv_dec/vdd = 2          |                                           
                                           |                                           
Net: vdd_uq13                              |(no matching net)                          
  task5_4kb_sram_pinv_dec/vdd = 3          |                                           
                                           |                                           
Net: vdd_uq21                              |(no matching net)                          
  task5_4kb_sram_pinv_dec/vdd = 3          |                                           
                                           |                                           
Net: vdd_uq7                               |(no matching net)                          
  task5_4kb_sram_pinv_dec/vdd = 4          |                                           
                                           |                                           
Net: vdd_uq8                               |(no matching net)                          
  sky130_fd_bd_sram__openram_sp_nand2_dec/ |                                           
                                           |                                           
Net: vdd_uq15                              |(no matching net)                          
  task5_4kb_sram_pinv_dec/vdd = 8          |                                           
                                           |                                           
Net: vdd_uq23                              |(no matching net)                          
  task5_4kb_sram_pinv_dec/vdd = 8          |                                           
                                           |                                           
Net: vdd_uq9                               |(no matching net)                          
  sky130_fd_bd_sram__openram_sp_nand3_dec/ |                                           
                                           |                                           
Net: vdd_uq24                              |(no matching net)                          
  sky130_fd_bd_sram__openram_sp_nand3_dec/ |                                           
                                           |                                           
Net: vdd_uq3                               |(no matching net)                          
  sky130_fd_bd_sram__openram_sp_nand3_dec/ |                                           
                                           |                                           
Net: vdd_uq1                               |(no matching net)                          
  task5_4kb_sram_pinv_dec/vdd = 129        |                                           
---------------------------------------------------------------------------------------
Netlists do not match.
Port matching may fail to disambiguate symmetries.
  Flattening non-matched subcircuits task5_4kb_sram_port_address task5_4kb_sram_port_address

Subcircuit summary:
Circuit 1: task5_4kb_sram_column_decoder   |Circuit 2: task5_4kb_sram_column_decoder   
-------------------------------------------|-------------------------------------------
task5_4kb_sram_pand3 (8)                   |task5_4kb_sram_pand3 (8)                   
task5_4kb_sram_pinv_1 (3)                  |task5_4kb_sram_pinv_1 (3)                  
Number of devices: 11                      |Number of devices: 11                      
Number of nets: 16                         |Number of nets: 16                         
---------------------------------------------------------------------------------------
Netlists match uniquely.

Subcircuit pins:
Circuit 1: task5_4kb_sram_column_decoder   |Circuit 2: task5_4kb_sram_column_decoder   
-------------------------------------------|-------------------------------------------
vdd                                        |vdd                                        
gnd                                        |gnd                                        
out_2                                      |out_2                                      
out_1                                      |out_1                                      
out_0                                      |out_0                                      
out_6                                      |out_6                                      
out_4                                      |out_4                                      
out_5                                      |out_5                                      
out_7                                      |out_7                                      
out_3                                      |out_3                                      
in_0                                       |in_0                                       
in_1                                       |in_1                                       
in_2                                       |in_2                                       
---------------------------------------------------------------------------------------
Cell pin lists are equivalent.
Device classes task5_4kb_sram_column_decoder and task5_4kb_sram_column_decoder are equivalent.

Subcircuit summary:
Circuit 1: task5_4kb_sram_port_data        |Circuit 2: task5_4kb_sram_port_data        
-------------------------------------------|-------------------------------------------
sky130_fd_pr__nfet_01v8 (429)              |sky130_fd_pr__nfet_01v8 (429)              
sky130_fd_pr__pfet_01v8 (396)              |sky130_fd_pr__pfet_01v8 (396)              
task5_4kb_sram_column_mux_array (1)        |task5_4kb_sram_column_mux_array (1)        
task5_4kb_sram_write_mask_and_array (1)    |task5_4kb_sram_write_mask_and_array (1)    
task5_4kb_sram_precharge_array (1)         |task5_4kb_sram_precharge_array (1)         
Number of devices: 828                     |Number of devices: 828                     
Number of nets: 1003 **Mismatch**          |Number of nets: 998 **Mismatch**           
---------------------------------------------------------------------------------------
NET mismatches: Class fragments follow (with fanout counts):
Circuit 1: task5_4kb_sram_port_data        |Circuit 2: task5_4kb_sram_port_data        

---------------------------------------------------------------------------------------
Net: vdd                                   |Net: vdd                                   
  sky130_fd_pr__pfet_01v8/4 = 165          |  sky130_fd_pr__pfet_01v8/4 = 396          
  sky130_fd_pr__pfet_01v8/(1|3) = 66       |  sky130_fd_pr__pfet_01v8/(1|3) = 330      
                                           |  task5_4kb_sram_precharge_array/vdd = 1   
                                           |  task5_4kb_sram_write_mask_and_array/vdd  
                                           |                                           
Net: vdd_uq3                               |(no matching net)                          
  sky130_fd_pr__pfet_01v8/(1|3) = 99       |                                           
  sky130_fd_pr__pfet_01v8/4 = 99           |                                           
                                           |                                           
Net: vdd_uq2                               |(no matching net)                          
  sky130_fd_pr__pfet_01v8/(1|3) = 132      |                                           
  sky130_fd_pr__pfet_01v8/4 = 132          |                                           
                                           |                                           
Net: vdd_uq5                               |(no matching net)                          
  task5_4kb_sram_write_mask_and_array/vdd  |                                           
                                           |                                           
Net: vdd_uq0                               |(no matching net)                          
  task5_4kb_sram_precharge_array/vdd = 1   |                                           
                                           |                                           
Net: vdd_uq1                               |(no matching net)                          
  sky130_fd_pr__pfet_01v8/(1|3) = 33       |                                           
---------------------------------------------------------------------------------------
Netlists do not match.
Port matching may fail to disambiguate symmetries.
  Flattening non-matched subcircuits task5_4kb_sram_port_data task5_4kb_sram_port_data

Cell task5_4kb_sram_sky130_capped_replica_bitcell_array (0) disconnected node: w_129089_921#
Cell task5_4kb_sram_sky130_capped_replica_bitcell_array (0) disconnected node: w_0_921#
Cell task5_4kb_sram_sky130_capped_replica_bitcell_array (0) disconnected node: w_0_42412#
Cell task5_4kb_sram_sky130_capped_replica_bitcell_array (0) disconnected node: w_129089_42412#
Subcircuit summary:
Circuit 1: task5_4kb_sram_sky130_capped_re |Circuit 2: task5_4kb_sram_sky130_capped_re 
-------------------------------------------|-------------------------------------------
sky130_fd_bd_sram__sram_sp_colend (258)    |sky130_fd_bd_sram__sram_sp_colend (258)    
sky130_fd_bd_sram__sram_sp_colenda (258)   |sky130_fd_bd_sram__sram_sp_colenda (258)   
sky130_fd_pr__special_pfet_pass (134160)   |sky130_fd_pr__special_pfet_pass (134160)   
sky130_fd_pr__special_nfet_latch (67080)   |sky130_fd_pr__special_nfet_latch (67080)   
sky130_fd_pr__special_nfet_pass (67080)    |sky130_fd_pr__special_nfet_pass (67080)    
Number of devices: 268836                  |Number of devices: 268836                  
Number of nets: 68627 **Mismatch**         |Number of nets: 68626 **Mismatch**         
---------------------------------------------------------------------------------------
NET mismatches: Class fragments follow (with fanout counts):
Circuit 1: task5_4kb_sram_sky130_capped_re |Circuit 2: task5_4kb_sram_sky130_capped_re 

---------------------------------------------------------------------------------------
Net: gnd                                   |Net: gnd                                   
  sky130_fd_bd_sram__sram_sp_colend/gnd =  |  sky130_fd_bd_sram__sram_sp_colend/gnd =  
  sky130_fd_bd_sram__sram_sp_colenda/gnd = |  sky130_fd_bd_sram__sram_sp_colenda/gnd = 
  sky130_fd_pr__special_nfet_latch/(1|3) = |  sky130_fd_pr__special_nfet_latch/(1|3) = 
                                           |  sky130_fd_pr__special_nfet_pass/4 = 6708 
                                           |  sky130_fd_bd_sram__sram_sp_colend/vnb =  
                                           |  sky130_fd_bd_sram__sram_sp_colend/gate = 
                                           |  sky130_fd_pr__special_nfet_latch/4 = 670 
                                           |  sky130_fd_bd_sram__sram_sp_colenda/vnb = 
                                           |  sky130_fd_bd_sram__sram_sp_colenda/gate  
                                           |                                           
Net: VSUBS                                 |(no matching net)                          
  sky130_fd_bd_sram__sram_sp_colend/vnb =  |                                           
  sky130_fd_bd_sram__sram_sp_colend/gate = |                                           
  sky130_fd_bd_sram__sram_sp_colenda/vnb = |                                           
  sky130_fd_bd_sram__sram_sp_colenda/gate  |                                           
  sky130_fd_pr__special_nfet_latch/4 = 670 |                                           
  sky130_fd_pr__special_nfet_pass/4 = 6708 |                                           
---------------------------------------------------------------------------------------
Netlists do not match.
Port matching may fail to disambiguate symmetries.
  Flattening non-matched subcircuits task5_4kb_sram_sky130_capped_replica_bitcell_array task5_4kb_sram_sky130_capped_replica_bitcell_array

Subcircuit summary:
Circuit 1: task5_4kb_sram_pnand2_1         |Circuit 2: task5_4kb_sram_pnand2_1         
-------------------------------------------|-------------------------------------------
sky130_fd_pr__nfet_01v8 (2)                |sky130_fd_pr__nfet_01v8 (2)                
sky130_fd_pr__pfet_01v8 (2)                |sky130_fd_pr__pfet_01v8 (2)                
Number of devices: 4                       |Number of devices: 4                       
Number of nets: 6                          |Number of nets: 6                          
---------------------------------------------------------------------------------------
Netlists match uniquely.

Subcircuit pins:
Circuit 1: task5_4kb_sram_pnand2_1         |Circuit 2: task5_4kb_sram_pnand2_1         
-------------------------------------------|-------------------------------------------
vdd                                        |vdd                                        
Z                                          |Z                                          
gnd                                        |gnd                                        
B                                          |B                                          
A                                          |A                                          
---------------------------------------------------------------------------------------
Cell pin lists are equivalent.
Device classes task5_4kb_sram_pnand2_1 and task5_4kb_sram_pnand2_1 are equivalent.

Subcircuit summary:
Circuit 1: task5_4kb_sram_pdriver_3        |Circuit 2: task5_4kb_sram_pdriver_3        
-------------------------------------------|-------------------------------------------
task5_4kb_sram_pinv_11 (1)                 |task5_4kb_sram_pinv_11 (1)                 
task5_4kb_sram_pinv_12 (1)                 |task5_4kb_sram_pinv_12 (1)                 
Number of devices: 2                       |Number of devices: 2                       
Number of nets: 5                          |Number of nets: 5                          
---------------------------------------------------------------------------------------
Netlists match uniquely.

Subcircuit pins:
Circuit 1: task5_4kb_sram_pdriver_3        |Circuit 2: task5_4kb_sram_pdriver_3        
-------------------------------------------|-------------------------------------------
vdd                                        |vdd                                        
gnd                                        |gnd                                        
A                                          |A                                          
Z                                          |Z                                          
---------------------------------------------------------------------------------------
Cell pin lists are equivalent.
Device classes task5_4kb_sram_pdriver_3 and task5_4kb_sram_pdriver_3 are equivalent.

Subcircuit summary:
Circuit 1: task5_4kb_sram_pand3_0          |Circuit 2: task5_4kb_sram_pand3_0          
-------------------------------------------|-------------------------------------------
sky130_fd_pr__pfet_01v8 (3)                |sky130_fd_pr__pfet_01v8 (3)                
sky130_fd_pr__nfet_01v8 (3)                |sky130_fd_pr__nfet_01v8 (3)                
task5_4kb_sram_pdriver_4 (1)               |task5_4kb_sram_pdriver_4 (1)               
Number of devices: 7                       |Number of devices: 7                       
Number of nets: 9                          |Number of nets: 9                          
---------------------------------------------------------------------------------------
Netlists match uniquely.

Subcircuit pins:
Circuit 1: task5_4kb_sram_pand3_0          |Circuit 2: task5_4kb_sram_pand3_0          
-------------------------------------------|-------------------------------------------
Z                                          |Z                                          
vdd                                        |vdd                                        
gnd                                        |gnd                                        
B                                          |B                                          
C                                          |C                                          
A                                          |A                                          
---------------------------------------------------------------------------------------
Cell pin lists are equivalent.
Device classes task5_4kb_sram_pand3_0 and task5_4kb_sram_pand3_0 are equivalent.

Subcircuit summary:
Circuit 1: task5_4kb_sram_delay_chain      |Circuit 2: task5_4kb_sram_delay_chain      
-------------------------------------------|-------------------------------------------
task5_4kb_sram_pinv_18 (45)                |task5_4kb_sram_pinv_18 (45)                
Number of devices: 45                      |Number of devices: 45                      
Number of nets: 48                         |Number of nets: 48                         
---------------------------------------------------------------------------------------
Resolving symmetries by property value.
Resolving symmetries by pin name.
Resolving symmetries by net name.
Netlists match with 18 symmetries.

Subcircuit pins:
Circuit 1: task5_4kb_sram_delay_chain      |Circuit 2: task5_4kb_sram_delay_chain      
-------------------------------------------|-------------------------------------------
out                                        |out                                        
vdd                                        |vdd                                        
gnd                                        |gnd                                        
in                                         |in                                         
---------------------------------------------------------------------------------------
Cell pin lists are equivalent.
Device classes task5_4kb_sram_delay_chain and task5_4kb_sram_delay_chain are equivalent.

Subcircuit summary:
Circuit 1: task5_4kb_sram_pand2_0          |Circuit 2: task5_4kb_sram_pand2_0          
-------------------------------------------|-------------------------------------------
task5_4kb_sram_pdriver_1 (1)               |task5_4kb_sram_pdriver_1 (1)               
sky130_fd_pr__nfet_01v8 (2)                |sky130_fd_pr__nfet_01v8 (2)                
sky130_fd_pr__pfet_01v8 (2)                |sky130_fd_pr__pfet_01v8 (2)                
Number of devices: 5                       |Number of devices: 5                       
Number of nets: 7                          |Number of nets: 7                          
---------------------------------------------------------------------------------------
Netlists match uniquely.

Subcircuit pins:
Circuit 1: task5_4kb_sram_pand2_0          |Circuit 2: task5_4kb_sram_pand2_0          
-------------------------------------------|-------------------------------------------
B                                          |B                                          
A                                          |A                                          
Z                                          |Z                                          
vdd                                        |vdd                                        
gnd                                        |gnd                                        
---------------------------------------------------------------------------------------
Cell pin lists are equivalent.
Device classes task5_4kb_sram_pand2_0 and task5_4kb_sram_pand2_0 are equivalent.

Subcircuit summary:
Circuit 1: task5_4kb_sram_pdriver_6        |Circuit 2: task5_4kb_sram_pdriver_6        
-------------------------------------------|-------------------------------------------
task5_4kb_sram_pinv_17 (1)                 |task5_4kb_sram_pinv_17 (1)                 
task5_4kb_sram_pinv_15 (1)                 |task5_4kb_sram_pinv_15 (1)                 
task5_4kb_sram_pinv_0 (2)                  |task5_4kb_sram_pinv_0 (2)                  
task5_4kb_sram_pinv_7 (1)                  |task5_4kb_sram_pinv_7 (1)                  
task5_4kb_sram_pinv_16 (1)                 |task5_4kb_sram_pinv_16 (1)                 
Number of devices: 6                       |Number of devices: 6                       
Number of nets: 9                          |Number of nets: 9                          
---------------------------------------------------------------------------------------
Netlists match uniquely.

Subcircuit pins:
Circuit 1: task5_4kb_sram_pdriver_6        |Circuit 2: task5_4kb_sram_pdriver_6        
-------------------------------------------|-------------------------------------------
vdd                                        |vdd                                        
gnd                                        |gnd                                        
A                                          |A                                          
Z                                          |Z                                          
---------------------------------------------------------------------------------------
Cell pin lists are equivalent.
Device classes task5_4kb_sram_pdriver_6 and task5_4kb_sram_pdriver_6 are equivalent.

Subcircuit summary:
Circuit 1: task5_4kb_sram_dff_buf_array    |Circuit 2: task5_4kb_sram_dff_buf_array    
-------------------------------------------|-------------------------------------------
task5_4kb_sram_dff_buf_0 (2)               |task5_4kb_sram_dff_buf_0 (2)               
Number of devices: 2                       |Number of devices: 2                       
Number of nets: 9                          |Number of nets: 9                          
---------------------------------------------------------------------------------------
Resolving symmetries by property value.
Resolving symmetries by pin name.
Netlists match uniquely.

Subcircuit pins:
Circuit 1: task5_4kb_sram_dff_buf_array    |Circuit 2: task5_4kb_sram_dff_buf_array    
-------------------------------------------|-------------------------------------------
clk                                        |clk                                        
vdd                                        |vdd                                        
gnd                                        |gnd                                        
din_1                                      |din_1                                      
din_0                                      |din_0                                      
dout_1                                     |dout_1                                     
dout_0                                     |dout_0                                     
dout_bar_1                                 |dout_bar_1                                 
dout_bar_0                                 |dout_bar_0                                 
---------------------------------------------------------------------------------------
Cell pin lists are equivalent.
Device classes task5_4kb_sram_dff_buf_array and task5_4kb_sram_dff_buf_array are equivalent.

Subcircuit summary:
Circuit 1: task5_4kb_sram_pand3_1          |Circuit 2: task5_4kb_sram_pand3_1          
-------------------------------------------|-------------------------------------------
task5_4kb_sram_pdriver_5 (1)               |task5_4kb_sram_pdriver_5 (1)               
sky130_fd_pr__pfet_01v8 (3)                |sky130_fd_pr__pfet_01v8 (3)                
sky130_fd_pr__nfet_01v8 (3)                |sky130_fd_pr__nfet_01v8 (3)                
Number of devices: 7                       |Number of devices: 7                       
Number of nets: 9                          |Number of nets: 9                          
---------------------------------------------------------------------------------------
Netlists match uniquely.

Subcircuit pins:
Circuit 1: task5_4kb_sram_pand3_1          |Circuit 2: task5_4kb_sram_pand3_1          
-------------------------------------------|-------------------------------------------
B                                          |B                                          
C                                          |C                                          
A                                          |A                                          
vdd                                        |vdd                                        
Z                                          |Z                                          
gnd                                        |gnd                                        
---------------------------------------------------------------------------------------
Cell pin lists are equivalent.
Device classes task5_4kb_sram_pand3_1 and task5_4kb_sram_pand3_1 are equivalent.

Subcircuit summary:
Circuit 1: task5_4kb_sram_pdriver_2        |Circuit 2: task5_4kb_sram_pdriver_2        
-------------------------------------------|-------------------------------------------
task5_4kb_sram_pinv_10 (1)                 |task5_4kb_sram_pinv_10 (1)                 
task5_4kb_sram_pinv_0 (2)                  |task5_4kb_sram_pinv_0 (2)                  
task5_4kb_sram_pinv_9 (1)                  |task5_4kb_sram_pinv_9 (1)                  
task5_4kb_sram_pinv_7 (1)                  |task5_4kb_sram_pinv_7 (1)                  
task5_4kb_sram_pinv_8 (1)                  |task5_4kb_sram_pinv_8 (1)                  
Number of devices: 6                       |Number of devices: 6                       
Number of nets: 9                          |Number of nets: 9                          
---------------------------------------------------------------------------------------
Netlists match uniquely.

Subcircuit pins:
Circuit 1: task5_4kb_sram_pdriver_2        |Circuit 2: task5_4kb_sram_pdriver_2        
-------------------------------------------|-------------------------------------------
vdd                                        |vdd                                        
gnd                                        |gnd                                        
A                                          |A                                          
Z                                          |Z                                          
---------------------------------------------------------------------------------------
Cell pin lists are equivalent.
Device classes task5_4kb_sram_pdriver_2 and task5_4kb_sram_pdriver_2 are equivalent.

Subcircuit summary:
Circuit 1: task5_4kb_sram_row_addr_dff     |Circuit 2: task5_4kb_sram_row_addr_dff     
-------------------------------------------|-------------------------------------------
sky130_fd_bd_sram__openram_dff (8)         |sky130_fd_bd_sram__openram_dff (8)         
Number of devices: 8                       |Number of devices: 8                       
Number of nets: 27                         |Number of nets: 27                         
---------------------------------------------------------------------------------------
Resolving symmetries by property value.
Resolving symmetries by pin name.
Netlists match uniquely.

Subcircuit pins:
Circuit 1: task5_4kb_sram_row_addr_dff     |Circuit 2: task5_4kb_sram_row_addr_dff     
-------------------------------------------|-------------------------------------------
clk                                        |clk                                        
vdd                                        |vdd                                        
gnd                                        |gnd                                        
din_4                                      |din_4                                      
din_3                                      |din_3                                      
din_5                                      |din_5                                      
din_6                                      |din_6                                      
din_7                                      |din_7                                      
din_0                                      |din_0                                      
din_1                                      |din_1                                      
din_2                                      |din_2                                      
dout_4                                     |dout_4                                     
dout_3                                     |dout_3                                     
dout_5                                     |dout_5                                     
dout_6                                     |dout_6                                     
dout_7                                     |dout_7                                     
dout_0                                     |dout_0                                     
dout_1                                     |dout_1                                     
dout_2                                     |dout_2                                     
---------------------------------------------------------------------------------------
Cell pin lists are equivalent.
Device classes task5_4kb_sram_row_addr_dff and task5_4kb_sram_row_addr_dff are equivalent.

Subcircuit summary:
Circuit 1: task5_4kb_sram_wmask_dff        |Circuit 2: task5_4kb_sram_wmask_dff        
-------------------------------------------|-------------------------------------------
sky130_fd_bd_sram__openram_dff (4)         |sky130_fd_bd_sram__openram_dff (4)         
Number of devices: 4                       |Number of devices: 4                       
Number of nets: 15                         |Number of nets: 15                         
---------------------------------------------------------------------------------------
Resolving symmetries by property value.
Resolving symmetries by pin name.
Netlists match uniquely.

Subcircuit pins:
Circuit 1: task5_4kb_sram_wmask_dff        |Circuit 2: task5_4kb_sram_wmask_dff        
-------------------------------------------|-------------------------------------------
clk                                        |clk                                        
vdd                                        |vdd                                        
gnd                                        |gnd                                        
din_0                                      |din_0                                      
din_1                                      |din_1                                      
din_2                                      |din_2                                      
din_3                                      |din_3                                      
dout_0                                     |dout_0                                     
dout_1                                     |dout_1                                     
dout_2                                     |dout_2                                     
dout_3                                     |dout_3                                     
---------------------------------------------------------------------------------------
Cell pin lists are equivalent.
Device classes task5_4kb_sram_wmask_dff and task5_4kb_sram_wmask_dff are equivalent.

Cell task5_4kb_sram_bank (0) disconnected node: w_13693_14083#
Cell task5_4kb_sram_bank (0) disconnected node: w_142782_14083#
Cell task5_4kb_sram_bank (0) disconnected node: w_13693_55574#
Cell task5_4kb_sram_bank (0) disconnected node: w_142782_55574#
Subcircuit summary:
Circuit 1: task5_4kb_sram_bank             |Circuit 2: task5_4kb_sram_bank             
-------------------------------------------|-------------------------------------------
sky130_fd_bd_sram__openram_sp_nand2_dec (1 |sky130_fd_bd_sram__openram_sp_nand2_dec (1 
task5_4kb_sram_pinv_dec_0 (130)            |task5_4kb_sram_pinv_dec_0 (130)            
task5_4kb_sram_pinv_dec (157)              |task5_4kb_sram_pinv_dec (157)              
sky130_fd_bd_sram__openram_sp_nand3_dec (1 |sky130_fd_bd_sram__openram_sp_nand3_dec (1 
task5_4kb_sram_column_decoder (1)          |task5_4kb_sram_column_decoder (1)          
sky130_fd_pr__nfet_01v8 (429)              |sky130_fd_pr__nfet_01v8 (429)              
sky130_fd_pr__pfet_01v8 (396)              |sky130_fd_pr__pfet_01v8 (396)              
task5_4kb_sram_column_mux_array (1)        |task5_4kb_sram_column_mux_array (1)        
task5_4kb_sram_write_mask_and_array (1)    |task5_4kb_sram_write_mask_and_array (1)    
task5_4kb_sram_precharge_array (1)         |task5_4kb_sram_precharge_array (1)         
sky130_fd_bd_sram__sram_sp_colend (258)    |sky130_fd_bd_sram__sram_sp_colend (258)    
sky130_fd_bd_sram__sram_sp_colenda (258)   |sky130_fd_bd_sram__sram_sp_colenda (258)   
sky130_fd_pr__special_pfet_pass (134160)   |sky130_fd_pr__special_pfet_pass (134160)   
sky130_fd_pr__special_nfet_latch (67080)   |sky130_fd_pr__special_nfet_latch (67080)   
sky130_fd_pr__special_nfet_pass (67080)    |sky130_fd_pr__special_nfet_pass (67080)    
Number of devices: 270231                  |Number of devices: 270231                  
Number of nets: 69576 **Mismatch**         |Number of nets: 69554 **Mismatch**         
---------------------------------------------------------------------------------------
NET mismatches: Class fragments follow (with fanout counts):
Circuit 1: task5_4kb_sram_bank             |Circuit 2: task5_4kb_sram_bank             

---------------------------------------------------------------------------------------
Net: vdd                                   |Net: vdd                                   
  task5_4kb_sram_pinv_dec_0/vdd = 130      |  task5_4kb_sram_pinv_dec_0/vdd = 130      
                                           |  sky130_fd_pr__special_pfet_pass/(1|3) =  
                                           |  sky130_fd_bd_sram__sram_sp_colend/vdd =  
                                           |  sky130_fd_bd_sram__sram_sp_colend/vpb =  
                                           |  sky130_fd_pr__special_nfet_pass/(1|3) =  
                                           |  sky130_fd_pr__special_nfet_latch/2 = 130 
                                           |  sky130_fd_pr__special_pfet_pass/2 = 130  
                                           |  sky130_fd_pr__special_nfet_latch/(1|3) = 
                                           |  sky130_fd_bd_sram__sram_sp_colenda/vdd = 
                                           |  sky130_fd_bd_sram__sram_sp_colenda/vpb = 
                                           |  task5_4kb_sram_precharge_array/vdd = 1   
                                           |  sky130_fd_pr__pfet_01v8/(1|3) = 330      
                                           |  sky130_fd_pr__pfet_01v8/4 = 396          
                                           |  task5_4kb_sram_write_mask_and_array/vdd  
                                           |  task5_4kb_sram_pinv_dec/vdd = 157        
                                           |  sky130_fd_bd_sram__openram_sp_nand2_dec/ 
                                           |  sky130_fd_bd_sram__openram_sp_nand3_dec/ 
                                           |  sky130_fd_pr__special_pfet_pass/4 = 1341 
                                           |  sky130_fd_bd_sram__openram_sp_nand2_dec/ 
                                           |  task5_4kb_sram_column_decoder/vdd = 1    
                                           |                                           
Net: gnd                                   |Net: gnd                                   
  sky130_fd_bd_sram__openram_sp_nand2_dec/ |  sky130_fd_bd_sram__openram_sp_nand2_dec/ 
  task5_4kb_sram_pinv_dec_0/gnd = 130      |  task5_4kb_sram_pinv_dec_0/gnd = 130      
  task5_4kb_sram_pinv_dec/gnd = 157        |  task5_4kb_sram_pinv_dec/gnd = 157        
  sky130_fd_bd_sram__openram_sp_nand3_dec/ |  sky130_fd_bd_sram__openram_sp_nand3_dec/ 
  task5_4kb_sram_column_decoder/gnd = 1    |  task5_4kb_sram_column_decoder/gnd = 1    
  sky130_fd_pr__nfet_01v8/4 = 429          |  sky130_fd_pr__nfet_01v8/4 = 429          
  sky130_fd_pr__nfet_01v8/(1|3) = 297      |  sky130_fd_pr__nfet_01v8/(1|3) = 297      
  task5_4kb_sram_column_mux_array/gnd = 1  |  task5_4kb_sram_column_mux_array/gnd = 1  
  task5_4kb_sram_write_mask_and_array/gnd  |  task5_4kb_sram_write_mask_and_array/gnd  
  sky130_fd_bd_sram__sram_sp_colend/vnb =  |  sky130_fd_bd_sram__sram_sp_colend/vnb =  
  sky130_fd_bd_sram__sram_sp_colend/gate = |  sky130_fd_bd_sram__sram_sp_colend/gate = 
  sky130_fd_bd_sram__sram_sp_colenda/vnb = |  sky130_fd_bd_sram__sram_sp_colenda/vnb = 
  sky130_fd_bd_sram__sram_sp_colenda/gate  |  sky130_fd_bd_sram__sram_sp_colenda/gate  
  sky130_fd_pr__special_nfet_latch/4 = 670 |  sky130_fd_pr__special_nfet_latch/4 = 670 
  sky130_fd_pr__special_nfet_pass/4 = 6708 |  sky130_fd_pr__special_nfet_pass/4 = 6708 
                                           |  sky130_fd_bd_sram__sram_sp_colend/gnd =  
                                           |  sky130_fd_pr__special_nfet_latch/(1|3) = 
                                           |  sky130_fd_bd_sram__sram_sp_colenda/gnd = 
                                           |                                           
Net: vdd_uq34                              |(no matching net)                          
  task5_4kb_sram_pinv_dec/vdd = 3          |                                           
                                           |                                           
Net: vdd_uq1                               |(no matching net)                          
  sky130_fd_bd_sram__openram_sp_nand2_dec/ |                                           
                                           |                                           
Net: vdd_uq20                              |(no matching net)                          
  task5_4kb_sram_pinv_dec/vdd = 4          |                                           
                                           |                                           
Net: vdd_uq21                              |(no matching net)                          
  sky130_fd_bd_sram__openram_sp_nand2_dec/ |                                           
                                           |                                           
Net: vdd_uq19                              |(no matching net)                          
  task5_4kb_sram_pinv_dec/vdd = 2          |                                           
                                           |                                           
Net: vdd_uq16                              |(no matching net)                          
  sky130_fd_bd_sram__openram_sp_nand2_dec/ |                                           
                                           |                                           
Net: vdd_uq0                               |(no matching net)                          
  task5_4kb_sram_column_decoder/vdd = 1    |                                           
                                           |                                           
Net: vdd_uq6                               |(no matching net)                          
  task5_4kb_sram_write_mask_and_array/vdd  |                                           
                                           |                                           
Net: vdd_uq11                              |(no matching net)                          
  task5_4kb_sram_precharge_array/vdd = 1   |                                           
                                           |                                           
Net: vdd_uq37                              |(no matching net)                          
  sky130_fd_bd_sram__openram_sp_nand3_dec/ |                                           
                                           |                                           
Net: vdd_uq29                              |(no matching net)                          
  sky130_fd_bd_sram__openram_sp_nand3_dec/ |                                           
                                           |                                           
Net: vdd_uq28                              |(no matching net)                          
  task5_4kb_sram_pinv_dec/vdd = 8          |                                           
                                           |                                           
Net: vdd_uq36                              |(no matching net)                          
  task5_4kb_sram_pinv_dec/vdd = 8          |                                           
                                           |                                           
Net: vdd_uq2                               |(no matching net)                          
  task5_4kb_sram_pinv_dec/vdd = 129        |                                           
                                           |                                           
Net: vdd_uq4                               |(no matching net)                          
  sky130_fd_bd_sram__openram_sp_nand3_dec/ |                                           
                                           |                                           
Net: vdd_uq26                              |(no matching net)                          
  task5_4kb_sram_pinv_dec/vdd = 3          |                                           
                                           |                                           
Net: vdd_uq9                               |(no matching net)                          
  sky130_fd_pr__pfet_01v8/(1|3) = 33       |                                           
                                           |                                           
Net: vdd_uq10                              |(no matching net)                          
  sky130_fd_pr__pfet_01v8/4 = 165          |                                           
  sky130_fd_pr__pfet_01v8/(1|3) = 66       |                                           
                                           |                                           
Net: vdd_uq7                               |(no matching net)                          
  sky130_fd_pr__pfet_01v8/(1|3) = 99       |                                           
  sky130_fd_pr__pfet_01v8/4 = 99           |                                           
                                           |                                           
Net: vdd_uq8                               |(no matching net)                          
  sky130_fd_pr__pfet_01v8/(1|3) = 132      |                                           
  sky130_fd_pr__pfet_01v8/4 = 132          |                                           
                                           |                                           
Net: gnd_uq35                              |(no matching net)                          
  sky130_fd_bd_sram__sram_sp_colend/gnd =  |                                           
  sky130_fd_bd_sram__sram_sp_colenda/gnd = |                                           
  sky130_fd_pr__special_nfet_latch/(1|3) = |                                           
                                           |                                           
Net: vdd_uq41                              |(no matching net)                          
  sky130_fd_bd_sram__sram_sp_colend/vdd =  |                                           
  sky130_fd_bd_sram__sram_sp_colend/vpb =  |                                           
  sky130_fd_bd_sram__sram_sp_colenda/vdd = |                                           
  sky130_fd_bd_sram__sram_sp_colenda/vpb = |                                           
  sky130_fd_pr__special_pfet_pass/(1|3) =  |                                           
  sky130_fd_pr__special_pfet_pass/4 = 1341 |                                           
  sky130_fd_pr__special_pfet_pass/2 = 130  |                                           
  sky130_fd_pr__special_nfet_latch/2 = 130 |                                           
  sky130_fd_pr__special_nfet_pass/(1|3) =  |                                           
  sky130_fd_pr__special_nfet_latch/(1|3) = |                                           
---------------------------------------------------------------------------------------
Netlists do not match.
Port matching may fail to disambiguate symmetries.
  Flattening non-matched subcircuits task5_4kb_sram_bank task5_4kb_sram_bank

Subcircuit summary:
Circuit 1: task5_4kb_sram_data_dff         |Circuit 2: task5_4kb_sram_data_dff         
-------------------------------------------|-------------------------------------------
sky130_fd_bd_sram__openram_dff (33)        |sky130_fd_bd_sram__openram_dff (33)        
Number of devices: 33                      |Number of devices: 33                      
Number of nets: 102                        |Number of nets: 102                        
---------------------------------------------------------------------------------------
Resolving symmetries by property value.
Resolving symmetries by pin name.
Netlists match uniquely.

Subcircuit pins:
Circuit 1: task5_4kb_sram_data_dff         |Circuit 2: task5_4kb_sram_data_dff         
-------------------------------------------|-------------------------------------------
clk                                        |clk                                        
vdd                                        |vdd                                        
gnd                                        |gnd                                        
din_28                                     |din_28                                     
din_29                                     |din_29                                     
din_30                                     |din_30                                     
din_31                                     |din_31                                     
din_32                                     |din_32                                     
din_13                                     |din_13                                     
din_3                                      |din_3                                      
din_14                                     |din_14                                     
din_4                                      |din_4                                      
din_15                                     |din_15                                     
din_5                                      |din_5                                      
din_16                                     |din_16                                     
din_6                                      |din_6                                      
din_17                                     |din_17                                     
din_7                                      |din_7                                      
din_18                                     |din_18                                     
din_8                                      |din_8                                      
din_9                                      |din_9                                      
din_19                                     |din_19                                     
din_20                                     |din_20                                     
din_10                                     |din_10                                     
din_21                                     |din_21                                     
din_0                                      |din_0                                      
din_11                                     |din_11                                     
din_22                                     |din_22                                     
din_1                                      |din_1                                      
din_12                                     |din_12                                     
din_2                                      |din_2                                      
din_23                                     |din_23                                     
din_24                                     |din_24                                     
din_25                                     |din_25                                     
din_26                                     |din_26                                     
din_27                                     |din_27                                     
dout_28                                    |dout_28                                    
dout_29                                    |dout_29                                    
dout_30                                    |dout_30                                    
dout_31                                    |dout_31                                    
dout_32                                    |dout_32                                    
dout_13                                    |dout_13                                    
dout_3                                     |dout_3                                     
dout_14                                    |dout_14                                    
dout_4                                     |dout_4                                     
dout_15                                    |dout_15                                    
dout_5                                     |dout_5                                     
dout_16                                    |dout_16                                    
dout_6                                     |dout_6                                     
dout_17                                    |dout_17                                    
dout_7                                     |dout_7                                     
dout_18                                    |dout_18                                    
dout_8                                     |dout_8                                     
dout_9                                     |dout_9                                     
dout_19                                    |dout_19                                    
dout_20                                    |dout_20                                    
dout_10                                    |dout_10                                    
dout_21                                    |dout_21                                    
dout_0                                     |dout_0                                     
dout_11                                    |dout_11                                    
dout_22                                    |dout_22                                    
dout_1                                     |dout_1                                     
dout_12                                    |dout_12                                    
dout_2                                     |dout_2                                     
dout_23                                    |dout_23                                    
dout_24                                    |dout_24                                    
dout_25                                    |dout_25                                    
dout_26                                    |dout_26                                    
dout_27                                    |dout_27                                    
---------------------------------------------------------------------------------------
Cell pin lists are equivalent.
Device classes task5_4kb_sram_data_dff and task5_4kb_sram_data_dff are equivalent.

Subcircuit summary:
Circuit 1: task5_4kb_sram_control_logic_rw |Circuit 2: task5_4kb_sram_control_logic_rw 
-------------------------------------------|-------------------------------------------
task5_4kb_sram_pnand2_1 (1)                |task5_4kb_sram_pnand2_1 (1)                
task5_4kb_sram_pdriver_3 (1)               |task5_4kb_sram_pdriver_3 (1)               
task5_4kb_sram_pand3_0 (1)                 |task5_4kb_sram_pand3_0 (1)                 
task5_4kb_sram_delay_chain (1)             |task5_4kb_sram_delay_chain (1)             
task5_4kb_sram_pand2_0 (2)                 |task5_4kb_sram_pand2_0 (2)                 
task5_4kb_sram_pdriver_6 (1)               |task5_4kb_sram_pdriver_6 (1)               
task5_4kb_sram_dff_buf_array (1)           |task5_4kb_sram_dff_buf_array (1)           
task5_4kb_sram_pand3_1 (1)                 |task5_4kb_sram_pand3_1 (1)                 
task5_4kb_sram_pinv_1 (2)                  |task5_4kb_sram_pinv_1 (2)                  
task5_4kb_sram_pdriver_2 (1)               |task5_4kb_sram_pdriver_2 (1)               
Number of devices: 12                      |Number of devices: 12                      
Number of nets: 23 **Mismatch**            |Number of nets: 21 **Mismatch**            
---------------------------------------------------------------------------------------
NET mismatches: Class fragments follow (with fanout counts):
Circuit 1: task5_4kb_sram_control_logic_rw |Circuit 2: task5_4kb_sram_control_logic_rw 

---------------------------------------------------------------------------------------
Net: vdd                                   |Net: vdd                                   
  task5_4kb_sram_delay_chain/vdd = 1       |  task5_4kb_sram_delay_chain/vdd = 1       
                                           |  task5_4kb_sram_pdriver_2/vdd = 1         
                                           |  task5_4kb_sram_pinv_1/vdd = 2            
                                           |  task5_4kb_sram_pand2_0/vdd = 2           
                                           |  task5_4kb_sram_pdriver_3/vdd = 1         
                                           |  task5_4kb_sram_pand3_0/vdd = 1           
                                           |  task5_4kb_sram_pand3_1/vdd = 1           
                                           |  task5_4kb_sram_dff_buf_array/vdd = 1     
                                           |  task5_4kb_sram_pnand2_1/vdd = 1          
                                           |  task5_4kb_sram_pdriver_6/vdd = 1         
                                           |                                           
Net: vdd_uq1                               |(no matching net)                          
  task5_4kb_sram_pnand2_1/vdd = 1          |                                           
  task5_4kb_sram_pdriver_3/vdd = 1         |                                           
  task5_4kb_sram_pand3_0/vdd = 1           |                                           
  task5_4kb_sram_pand2_0/vdd = 2           |                                           
  task5_4kb_sram_pdriver_6/vdd = 1         |                                           
  task5_4kb_sram_pand3_1/vdd = 1           |                                           
  task5_4kb_sram_pinv_1/vdd = 2            |                                           
  task5_4kb_sram_pdriver_2/vdd = 1         |                                           
                                           |                                           
Net: vdd_uq0                               |(no matching net)                          
  task5_4kb_sram_dff_buf_array/vdd = 1     |                                           
---------------------------------------------------------------------------------------
Netlists do not match.
Port matching may fail to disambiguate symmetries.
  Flattening non-matched subcircuits task5_4kb_sram_control_logic_rw task5_4kb_sram_control_logic_rw

Subcircuit summary:
Circuit 1: task5_4kb_sram_spare_wen_dff    |Circuit 2: task5_4kb_sram_spare_wen_dff    
-------------------------------------------|-------------------------------------------
sky130_fd_bd_sram__openram_dff (1)         |sky130_fd_bd_sram__openram_dff (1)         
Number of devices: 1                       |Number of devices: 1                       
Number of nets: 6                          |Number of nets: 6                          
---------------------------------------------------------------------------------------
Netlists match uniquely.

Subcircuit pins:
Circuit 1: task5_4kb_sram_spare_wen_dff    |Circuit 2: task5_4kb_sram_spare_wen_dff    
-------------------------------------------|-------------------------------------------
din_0                                      |din_0                                      
dout_0                                     |dout_0                                     
clk                                        |clk                                        
vdd                                        |vdd                                        
gnd                                        |gnd                                        
---------------------------------------------------------------------------------------
Cell pin lists are equivalent.
Device classes task5_4kb_sram_spare_wen_dff and task5_4kb_sram_spare_wen_dff are equivalent.

Subcircuit summary:
Circuit 1: task5_4kb_sram_col_addr_dff     |Circuit 2: task5_4kb_sram_col_addr_dff     
-------------------------------------------|-------------------------------------------
sky130_fd_bd_sram__openram_dff (3)         |sky130_fd_bd_sram__openram_dff (3)         
Number of devices: 3                       |Number of devices: 3                       
Number of nets: 12                         |Number of nets: 12                         
---------------------------------------------------------------------------------------
Resolving symmetries by property value.
Resolving symmetries by pin name.
Netlists match uniquely.

Subcircuit pins:
Circuit 1: task5_4kb_sram_col_addr_dff     |Circuit 2: task5_4kb_sram_col_addr_dff     
-------------------------------------------|-------------------------------------------
clk                                        |clk                                        
vdd                                        |vdd                                        
gnd                                        |gnd                                        
din_0                                      |din_0                                      
din_1                                      |din_1                                      
din_2                                      |din_2                                      
dout_0                                     |dout_0                                     
dout_1                                     |dout_1                                     
dout_2                                     |dout_2                                     
---------------------------------------------------------------------------------------
Cell pin lists are equivalent.
Device classes task5_4kb_sram_col_addr_dff and task5_4kb_sram_col_addr_dff are equivalent.

Subcircuit summary:
Circuit 1: task5_4kb_sram                  |Circuit 2: task5_4kb_sram                  
-------------------------------------------|-------------------------------------------
task5_4kb_sram_row_addr_dff (1)            |task5_4kb_sram_row_addr_dff (1)            
task5_4kb_sram_wmask_dff (1)               |task5_4kb_sram_wmask_dff (1)               
sky130_fd_bd_sram__openram_sp_nand2_dec (1 |sky130_fd_bd_sram__openram_sp_nand2_dec (1 
task5_4kb_sram_pinv_dec_0 (130)            |task5_4kb_sram_pinv_dec_0 (130)            
task5_4kb_sram_pinv_dec (157)              |task5_4kb_sram_pinv_dec (157)              
sky130_fd_bd_sram__openram_sp_nand3_dec (1 |sky130_fd_bd_sram__openram_sp_nand3_dec (1 
task5_4kb_sram_column_decoder (1)          |task5_4kb_sram_column_decoder (1)          
sky130_fd_pr__nfet_01v8 (429)              |sky130_fd_pr__nfet_01v8 (429)              
sky130_fd_pr__pfet_01v8 (396)              |sky130_fd_pr__pfet_01v8 (396)              
task5_4kb_sram_column_mux_array (1)        |task5_4kb_sram_column_mux_array (1)        
task5_4kb_sram_write_mask_and_array (1)    |task5_4kb_sram_write_mask_and_array (1)    
task5_4kb_sram_precharge_array (1)         |task5_4kb_sram_precharge_array (1)         
sky130_fd_bd_sram__sram_sp_colend (258)    |sky130_fd_bd_sram__sram_sp_colend (258)    
sky130_fd_bd_sram__sram_sp_colenda (258)   |sky130_fd_bd_sram__sram_sp_colenda (258)   
sky130_fd_pr__special_pfet_pass (134160)   |sky130_fd_pr__special_pfet_pass (134160)   
sky130_fd_pr__special_nfet_latch (67080)   |sky130_fd_pr__special_nfet_latch (67080)   
sky130_fd_pr__special_nfet_pass (67080)    |sky130_fd_pr__special_nfet_pass (67080)    
task5_4kb_sram_data_dff (1)                |task5_4kb_sram_data_dff (1)                
task5_4kb_sram_pnand2_1 (1)                |task5_4kb_sram_pnand2_1 (1)                
task5_4kb_sram_pdriver_3 (1)               |task5_4kb_sram_pdriver_3 (1)               
task5_4kb_sram_pand3_0 (1)                 |task5_4kb_sram_pand3_0 (1)                 
task5_4kb_sram_delay_chain (1)             |task5_4kb_sram_delay_chain (1)             
task5_4kb_sram_pand2_0 (2)                 |task5_4kb_sram_pand2_0 (2)                 
task5_4kb_sram_pdriver_6 (1)               |task5_4kb_sram_pdriver_6 (1)               
task5_4kb_sram_dff_buf_array (1)           |task5_4kb_sram_dff_buf_array (1)           
task5_4kb_sram_pand3_1 (1)                 |task5_4kb_sram_pand3_1 (1)                 
task5_4kb_sram_pinv_1 (2)                  |task5_4kb_sram_pinv_1 (2)                  
task5_4kb_sram_pdriver_2 (1)               |task5_4kb_sram_pdriver_2 (1)               
task5_4kb_sram_spare_wen_dff (1)           |task5_4kb_sram_spare_wen_dff (1)           
task5_4kb_sram_col_addr_dff (1)            |task5_4kb_sram_col_addr_dff (1)            
Number of devices: 270248                  |Number of devices: 270248                  
Number of nets: 69617                      |Number of nets: 69617                      
---------------------------------------------------------------------------------------
Netlists match uniquely.

Subcircuit pins:
Circuit 1: task5_4kb_sram                  |Circuit 2: task5_4kb_sram                  
-------------------------------------------|-------------------------------------------
dout0[32]                                  |dout0[32]                                  
dout0[0]                                   |dout0[0]                                   
dout0[1]                                   |dout0[1]                                   
dout0[2]                                   |dout0[2]                                   
dout0[3]                                   |dout0[3]                                   
dout0[4]                                   |dout0[4]                                   
dout0[5]                                   |dout0[5]                                   
dout0[6]                                   |dout0[6]                                   
dout0[7]                                   |dout0[7]                                   
dout0[8]                                   |dout0[8]                                   
dout0[9]                                   |dout0[9]                                   
dout0[10]                                  |dout0[10]                                  
dout0[11]                                  |dout0[11]                                  
dout0[12]                                  |dout0[12]                                  
dout0[13]                                  |dout0[13]                                  
dout0[14]                                  |dout0[14]                                  
dout0[15]                                  |dout0[15]                                  
dout0[16]                                  |dout0[16]                                  
dout0[17]                                  |dout0[17]                                  
dout0[18]                                  |dout0[18]                                  
dout0[19]                                  |dout0[19]                                  
dout0[20]                                  |dout0[20]                                  
dout0[21]                                  |dout0[21]                                  
dout0[22]                                  |dout0[22]                                  
dout0[23]                                  |dout0[23]                                  
dout0[24]                                  |dout0[24]                                  
dout0[25]                                  |dout0[25]                                  
dout0[26]                                  |dout0[26]                                  
dout0[27]                                  |dout0[27]                                  
dout0[28]                                  |dout0[28]                                  
dout0[29]                                  |dout0[29]                                  
dout0[30]                                  |dout0[30]                                  
dout0[31]                                  |dout0[31]                                  
vccd1                                      |vccd1                                      
vssd1                                      |vssd1                                      
csb0                                       |csb0                                       
web0                                       |web0                                       
clk0                                       |clk0                                       
addr0[3]                                   |addr0[3]                                   
addr0[4]                                   |addr0[4]                                   
addr0[5]                                   |addr0[5]                                   
addr0[6]                                   |addr0[6]                                   
addr0[7]                                   |addr0[7]                                   
addr0[8]                                   |addr0[8]                                   
addr0[9]                                   |addr0[9]                                   
addr0[10]                                  |addr0[10]                                  
addr0[0]                                   |addr0[0]                                   
addr0[1]                                   |addr0[1]                                   
addr0[2]                                   |addr0[2]                                   
wmask0[0]                                  |wmask0[0]                                  
wmask0[1]                                  |wmask0[1]                                  
wmask0[2]                                  |wmask0[2]                                  
wmask0[3]                                  |wmask0[3]                                  
din0[0]                                    |din0[0]                                    
din0[1]                                    |din0[1]                                    
din0[2]                                    |din0[2]                                    
din0[3]                                    |din0[3]                                    
din0[4]                                    |din0[4]                                    
din0[5]                                    |din0[5]                                    
din0[6]                                    |din0[6]                                    
din0[7]                                    |din0[7]                                    
din0[8]                                    |din0[8]                                    
din0[9]                                    |din0[9]                                    
din0[10]                                   |din0[10]                                   
din0[11]                                   |din0[11]                                   
din0[12]                                   |din0[12]                                   
din0[13]                                   |din0[13]                                   
din0[14]                                   |din0[14]                                   
din0[15]                                   |din0[15]                                   
din0[16]                                   |din0[16]                                   
din0[17]                                   |din0[17]                                   
din0[18]                                   |din0[18]                                   
din0[19]                                   |din0[19]                                   
din0[20]                                   |din0[20]                                   
din0[21]                                   |din0[21]                                   
din0[22]                                   |din0[22]                                   
din0[23]                                   |din0[23]                                   
din0[24]                                   |din0[24]                                   
din0[25]                                   |din0[25]                                   
din0[26]                                   |din0[26]                                   
din0[27]                                   |din0[27]                                   
din0[28]                                   |din0[28]                                   
din0[29]                                   |din0[29]                                   
din0[30]                                   |din0[30]                                   
din0[31]                                   |din0[31]                                   
din0[32]                                   |din0[32]                                   
spare_wen0                                 |spare_wen0                                 
---------------------------------------------------------------------------------------
Cell pin lists are equivalent.
Device classes task5_4kb_sram and task5_4kb_sram are equivalent.

Final result: Circuits match uniquely.
.
